Id,Name,BrandId,Description,Image
1,Calatrava,1,"Patek Philippe’s Calatrava embodies the quintessential classic dress watch. Launched in the early 1930s, it set the standard for understated elegance with its pure round case, clean dial, and timeless design ethos. Every Calatrava piece exudes refinement – from sleek hands and markers to the subtle details like the signature hobnail ""Clous de Paris"" bezels on some models. This collection reflects Patek Philippe’s philosophy of tradition and lasting value; a Calatrava is often seen as an heirloom watch to be cherished across generations. Its enduring simplicity and craftsmanship make the Calatrava not only an icon of the brand, but also a reference point for all elegant wristwatches.",patekphillipe.png
2,Nautilus,1,"The Patek Philippe Nautilus is an icon that redefined luxury sports watches. Debuting in 1976 in stainless steel, it was an audacious departure for the esteemed brand – combining casual sportiness with Patek’s renowned craftsmanship. Its porthole-inspired octagonal bezel and integrated bracelet, conceived by legendary designer Gérald Genta, impart a distinctive and elegant silhouette that remains timeless. The Nautilus brought a new generation of enthusiasts into the Patek Philippe fold, offering robust water resistance and everyday versatility without sacrificing refinement. Decades on, it stands as one of the world’s most coveted timepieces, symbolizing a perfect blend of laid-back luxury and horological excellence – and an enduring statement of refined taste.",patekphillipe.png
3,Aquanaut,1,"The Aquanaut showcases Patek Philippe’s modern, youthful take on the luxury sports watch. Launched in 1997 as a fresh counterpart to the Nautilus, it introduced a bold new style with its distinctive checkerboard-textured dial and a resilient rubber “tropical” strap. The design retains Patek’s renowned elegance and quality while appealing to a generation seeking a more casual and contemporary vibe. With its rounded octagonal case (echoing the Nautilus’ porthole shape) and excellent water resistance, the Aquanaut is built for an active lifestyle. It has become a symbol of Patek Philippe’s versatility – a watch that blends relaxed modern flair with the brand’s traditional craftsmanship and prestige.",patekphillipe.png
4,Grand Complications,1,"Patek Philippe’s Grand Complications represent the pinnacle of its watchmaking artistry. This collection gathers the maison’s most complex and ingenious timepieces – watches that unite multiple high complications such as perpetual calendars, minute repeaters, tourbillons, chronographs, and celestial displays. Each Grand Complication is a marvel of micro-engineering and hand-finishing, often requiring years of development and extraordinary craftsmanship to bring to life. These are the watches that push the boundaries of horology, showcasing Patek Philippe’s leadership in technical innovation. Revered by collectors, a Grand Complication embodies the heritage and prestige of the brand, offering an unparalleled blend of technical virtuosity and timeless elegance. In both complexity and refinement, it stands as the ultimate expression of Patek Philippe’s savoir-faire.",patekphillipe.png
5,Patrimony,2,"The Patrimony collection exemplifies Vacheron Constantin’s dedication to timeless elegance and purity of design. Inspired by the refined styles of the 1950s, each Patrimony watch is a study in minimalist perfection – with slim profiles, gently curved cases, and uncluttered dials that exude sophistication. Every detail, from the subtle baton hour markers to the sweep of its delicate hands, is executed with restraint and impeccable craftsmanship. This line captures the essence of Vacheron Constantin’s heritage, marrying historical grace with modern watchmaking excellence (often to Geneva Hallmark standards). The name “Patrimony” itself reflects legacy; these classic timepieces are designed to transcend trends, remaining eternally in style.",vacheronconstantine.png
6,Overseas,2,"The Overseas collection is Vacheron Constantin’s embodiment of elegant travel-ready sports luxury. Conceived for the cosmopolitan adventurer, these watches unite robust performance with the maison’s refined craftsmanship. An evolution of a 1970s Vacheron icon, the Overseas features a distinctive six-sided bezel (evoking the brand’s Maltese cross emblem) and an integrated bracelet or strap system for versatility. With solid water resistance and antimagnetic protection, it’s built for exploration – yet every dial and movement is finished to haute horlogerie standards, including Geneva Seal quality on many models. Whether displaying simple hours and minutes or high complications like perpetual calendars and world times, the Overseas blends technical prowess with effortless sophistication for those on the move.",vacheronconstantine.png
7,Historiques,2,"The Historiques collection is Vacheron Constantin’s tribute to its own rich heritage, reviving iconic designs from the past for today’s connoisseurs. Each Historiques piece is a carefully modernized reinterpretation of a historical Vacheron timepiece – capturing the charm and character of the original while integrating contemporary watchmaking standards. From early 20th-century avant-garde designs to mid-century classics, these limited-production models allow enthusiasts to own a slice of the maison’s 265+ year legacy. Whether it’s a quirky driver’s watch from the 1920s or a famed vintage chronograph, the Historiques collection celebrates Vacheron Constantin’s design evolution, showcasing timeless aesthetics that have been reborn for modern wrists.",vacheronconstantine.png
8,Métiers d’Art,2,"The Métiers d’Art collection showcases Vacheron Constantin’s devotion to the decorative arts in watchmaking. These extraordinary timepieces serve as canvases for master artisans, featuring exquisite techniques like enameling, engraving, guilloché, gem-setting, and miniature painting. Each limited-edition series draws inspiration from art, history, or culture – transforming time telling into a storytelling tableau on the dial. Mechanics take a poetic backseat here to craftsmanship: often the watches use creative displays (like windows or discs) to let the artwork shine uninterrupted by hands. The result is a marriage of haute horlogerie and fine art. Métiers d’Art pieces are wearable masterpieces that celebrate the maison’s heritage of artistry and its passion for preserving rare crafts.",vacheronconstantine.png
9,Les Cabinotiers,2,"Les Cabinotiers is Vacheron Constantin’s exclusive department dedicated to bespoke and one-of-a-kind timepieces. Named after the master watchmakers (cabinotiers) of 18th-century Geneva, this collection offers the ultimate in personalization and complexity. Whether it’s a unique artistic dial or an ultra-complicated grand complication with dozens of functions, each Les Cabinotiers creation is custom-designed for a discerning collector. These watches often showcase the very limits of the maison’s craftsmanship – from intricate engravings and enamel miniatures to groundbreaking multi-complication movements. Unrestricted by regular production, a Cabinotiers piece is a singular horological masterpiece that embodies Vacheron Constantin’s legacy of innovation, artistry, and exclusivity at its zenith.",vacheronconstantine.png
10,Royal Oak,3,"Audemars Piguet’s Royal Oak is a true legend that reshaped the landscape of luxury watch design. Introduced in 1972 and penned by Gérald Genta, it was the first high-end sports watch crafted in stainless steel, daringly introduced during an era of gold timepieces. Its instantly recognizable features – the octagonal bezel secured by eight exposed hexagonal screws, the textured “tapisserie” pattern dial, and the seamlessly integrated bracelet – broke all conventions. Initially a bold gamble, the Royal Oak has since become the emblem of AP’s innovative spirit. It marries sporty robustness with fine hand-finishing (polished bevels, satin brushing) at a level previously reserved for dress watches. Decades on, the Royal Oak remains one of the most sought-after and iconic timepieces, symbolizing Audemars Piguet’s fusion of tradition and avant-garde design.",audemarspiguet.png
11,Royal Oak Offshore,3,"The Royal Oak Offshore takes Audemars Piguet’s iconic Royal Oak design into bold new territory. Launched in 1993 to mark the Royal Oak’s 20th anniversary, the Offshore was nicknamed “The Beast” for its then-oversized 42mm case and muscular proportions – an audacious move that pioneered the era of large luxury sports watches. It amplifies the Royal Oak’s signature elements with a sportier twist: a thicker octagonal bezel with visible gasket, prominent chronograph pushers and crown guards (often clad in rubber or ceramic), and a robust construction geared for adventure. Despite its beefed-up build and modern materials, the Offshore maintains AP’s high level of finishing and detail. This collection embodies a fearless, contemporary spirit, appealing to those who desire the Royal Oak’s DNA in a more extreme, adrenaline-ready form.",audemarspiguet.png
12,Royal Oak Concept,3,"The Royal Oak Concept series represents Audemars Piguet’s avant-garde playground – the watch equivalent of a concept car. First unveiled in 2002, this collection pushes the Royal Oak’s design DNA to futuristic extremes, showcasing cutting-edge materials (like forged carbon, ceramic, titanium) and groundbreaking complications. Concept models often feature bold openworked dials and sculptural, high-tech cases that reimagine the Royal Oak’s signature octagonal form in dramatically modern ways. These timepieces are produced in very limited numbers and serve as a testbed for Audemars Piguet’s technical and aesthetic innovations – from advanced tourbillon chronographs to ultra-modern displays. The Royal Oak Concept embodies the brand’s daring vision of the future of haute horlogerie, where boundary-pushing engineering meets audacious design.",audemarspiguet.png
13,Reverso,3,"The Reverso is an Art Deco icon of watchmaking, celebrated for its ingenious reversible case. Born in 1931 from Jaeger-LeCoultre’s inventive spirit, it was originally designed to help polo players protect their watch crystals – the entire watch face flips over to shield it from impacts. This practical solution was executed with such elegant style that the Reverso soon transcended its sporting origins to become a timeless classic. Its rectangular case, streamlined geometry, and subtle ornamentation (like gadroons framing the dial) exude 1930s elegance. Many Reverso models feature a blank metal reverse side or a second dial, inviting personalization and dual time zone complications. For nearly a century, the Reverso’s unique blend of functionality and style has symbolized the maison’s heritage of innovation and refinement.",jaegerlecoultre.png
14,Master Ultra Thin,4,"Jaeger-LeCoultre’s Master Ultra Thin collection epitomizes the art of refined simplicity and mechanical virtuosity. These ultra-slim timepieces showcase the maison’s mastery in crafting high-performance movements within elegant, wafer-thin cases. Each watch in the line exudes understated sophistication: clean dials with fine details, slender hands and markers, and proportions that slip effortlessly under a cuff. Despite their slim profile, Master Ultra Thin models often harbor impressive complications – from moon phases to perpetual calendars – a testament to JLC’s technical prowess in miniaturization. The collection’s aesthetic is timeless and reserved, reflecting Jaeger-LeCoultre’s ethos that true elegance is found in the perfect balance of form, function, and fine craftsmanship.",jaegerlecoultre.png
15,Polaris,4,"The Polaris collection channels Jaeger-LeCoultre’s spirit of adventure, blending vintage inspiration with modern sporty elegance. Launched as a contemporary tribute to the 1968 Memovox Polaris (a famed diver’s alarm watch), this line captures the retro-cool charm of the original while meeting today’s expectations for versatility and performance. Polaris watches feature bold, easily readable dials often with a mix of finishing textures, and sturdy cases with high water resistance – all designed for an active lifestyle. Whether a simple automatic, a chronograph, or an alarm model, each Polaris exudes a refined yet rugged appeal. It’s a sophisticated, everyday sports watch family that embodies Jaeger-LeCoultre’s balance of technical heritage and sleek design for the modern explorer.",jaegerlecoultre.png
16,Duomètre,4,"The Duomètre collection is a showcase of Jaeger-LeCoultre’s inventive watchmaking, built around the revolutionary “Dual-Wing” concept. Unveiled in 2007, this approach uses two independent mechanisms (each with its own power source) within one watch, both regulated by a single escapement. One gear train is dedicated solely to timekeeping and the other to an added function (such as a chronograph or moonphase), ensuring that using complications does not disturb the watch’s precision. This novel architecture yields exceptional accuracy even in complex watches. Duomètre models are also visually distinctive – often featuring symmetrical dial layouts that display the twin mechanisms’ indications. Blending technical genius with classic elegance, the Duomètre series underscores Jaeger-LeCoultre’s reputation as the “watchmaker’s watchmaker,” solving age-old horological challenges with elegance.",jaegerlecoultre.png
17,Lange 1,5,"The Lange 1 is A. Lange & Söhne’s modern classic and the watch that announced the brand’s 1994 rebirth to the world. Instantly recognizable for its asymmetrical yet perfectly balanced dial, the Lange 1 features an off-center time display, a large double-window (outsized) date, and a power reserve indicator – a layout that broke convention but became an icon of refined design. Every element is crafted to the highest standard: from the crisp silvered dial and blued-steel hands to the impeccable in-house movement visible through the back, adorned with Glashütte stripes and an engraved balance cock. The Lange 1 embodies Saxon tradition married to fresh innovation, symbolizing the brand’s philosophy of uncompromising craftsmanship and elegant precision.",alangesohne.png
18,Zeitwerk,5,"The Zeitwerk is A. Lange & Söhne’s groundbreaking take on the digital display – executed purely mechanically. Introduced in 2009, the Zeitwerk was the first watch to present hours and minutes as large jumping numerals on a dial, using a complex system of disks and a patented constant-force mechanism. Each minute and hour “jumps” instantaneously in perfect synchronization, a feat that requires tremendous energy precisely metered by a remontoir (constant-force escapement) for accuracy. Despite its avant-garde concept, the Zeitwerk is unmistakably Lange in quality: a substantial precious metal case, superb hand-finishing on the movement, and a distinctive dial design that artfully balances its digital windows with a small seconds and power reserve indicator. Innovative and bold, the Zeitwerk embodies Lange’s drive to push horology forward while honoring traditional craftsmanship.",alangesohne.png
19,Datograph,5,"The Datograph is A. Lange & Söhne’s legendary high-complication chronograph, lauded by many as one of the finest chronographs ever made. Its very name fuses “datum” (date) and “chronograph,” reflecting its signature combination of an outsized date display and chronograph function. Introduced in 1999, the Datograph set a new benchmark with its sophisticated column-wheel movement, flyback chronograph capability, and precisely jumping minute counter – all engineered and finished to Lange’s exacting standards. The dial layout is impeccably balanced: two sub-dials for chronograph seconds and minutes, with the hallmark big date at 12 o’clock, giving it a distinct, harmonious face. On the reverse, the view of the hand-wound movement reveals a breathtaking architecture of German silver bridges, blued screws, and hand-engraved details. The Datograph embodies the perfect blend of technical prowess, aesthetic beauty, and Teutonic craftsmanship that defines the Lange approach to watchmaking.",alangesohne.png
20,Saxonia,5,"The Saxonia collection is A. Lange & Söhne’s ode to elegant simplicity and the brand’s Saxon roots. Named after the German state of Saxony (the cradle of Lange’s watchmaking heritage), the Saxonia line emphasizes clean, harmonious design and precision craftsmanship. These timepieces are often characterized by their pure dials, fine baton hour markers, and balanced symmetry – eschewing unnecessary adornment for a look of understated luxury. Whether in its simplest two-hand, ultra-thin form or housing complications like moonphases or annual calendars, each Saxonia model upholds the same standards of immaculate finishing and technical excellence. The result is a versatile dress watch that exudes quiet confidence, showcasing Lange’s dedication to tradition, clarity, and mechanical perfection.",alangesohne.png
21,Senator,6,"The Senator collection represents Glashütte Original’s dedication to classic German elegance and precision. These watches are characterized by their timeless, refined designs – think clean dials with traditional Roman numerals or applied markers, slender leaf hands, and often the brand’s signature Panorama Date display. Marrying form and function, Senator models range from simple automatic dress pieces to complex masterpieces like chronometers, perpetual calendars, or tourbillons, yet all share an understated sophistication. Each Senator timepiece showcases the finest in Saxon engineering: in-house movements with superb finishing (such as striped three-quarter plates and blued screws) and robust construction. The result is a collection that embodies the art of German watchmaking, offering mechanical excellence wrapped in enduring, graceful style.",glashutteoriginal.png
22,PanoMatic,6,"The PanoMatic series (part of Glashütte Original’s Pano collection) is defined by its distinctive off-center dial aesthetics and sophisticated complications. These watches immediately catch the eye with their asymmetrical layout: the main time dial is typically placed to the left, while complementary displays (such as small seconds, moon phase, or power reserve) and the hallmark Panorama Date are arranged to the right. This unconventional design creates a harmonious balance that has become a signature of the brand. Beyond the visuals, the PanoMatic pieces boast in-house calibers and refined mechanics – often showcasing Glashütte Original’s technical prowess, like clever moonphase mechanisms or skeletonized components in models like the PanoInverse. Marrying modern German style with horological substance, the PanoMatic collection offers a bold, elegant twist on tradition.",glashutteoriginal.png
23,SeaQ,6,"The SeaQ is Glashütte Original’s modern dive watch with a proud historical lineage. Part of the Spezialist collection, it draws direct inspiration from the company’s first diver’s watch, the Spezimatic “Typ RP TS 200” of 1969. The SeaQ faithfully echoes that vintage design with its bold Arabic numerals, highly legible hands, and unidirectional rotating bezel – all while integrating contemporary engineering for serious underwater performance. Crafted in stainless steel and water-resistant to 20 bar (200 meters), it meets rigorous dive watch standards without sacrificing style. Inside beats a robust in-house automatic movement, ensuring reliability whether on daily adventures or beneath the waves. The SeaQ combines retro charm with German precision, celebrating Glashütte’s heritage in a sporty, adventure-ready timepiece.",glashutteoriginal.png
24,Spezialist,6,"The Spezialist collection is Glashütte Original’s domain of high-performance sports watches, engineered for durability and precision in the most demanding conditions. True to its name, each model in this line is a specialist in reliability – whether under water or on land. These timepieces feature robust construction, enhanced water resistance, and clear legibility, reflecting their tool-watch heritage. The flagship SeaQ divers, for example, blend vintage inspiration with modern technology to ensure confidence during exploration. Yet even with their utilitarian focus, Spezialist watches uphold the Saxon manufacture’s commitment to quality, boasting in-house movements and fine German craftsmanship. This collection extends Glashütte Original’s legacy into the realm of adventure, proving that practical functionality and luxury watchmaking can go hand in hand.",glashutteoriginal.png
25,Chronomètre Souverain,7,"F.P. Journe’s Chronomètre Souverain is a masterclass in precision and classic elegance. Inspired by 19th-century marine chronometers, this timepiece is designed for exceptional timekeeping stability. It features a beautifully finished hand-wound movement (crafted in 18k rose gold, as is Journe’s signature) with twin mainspring barrels working in parallel to deliver consistent power for much of its 50-plus-hour reserve. The result is remarkable accuracy and a smooth, steady heartbeat. On the dial side, the Chronomètre Souverain presents a pure and balanced face – typically with off-center hours and minutes, a small seconds subdial, and a power reserve indicator – all arranged with understated sophistication. Its slim case and timeless styling make it as much an aesthetic triumph as a technical one. Emblazoned with F.P. Journe’s motto “Invenit et Fecit” (Invented and Made), the Chronomètre Souverain encapsulates the brand’s devotion to traditional chronometry fused with artisanal craftsmanship.",fpjourne.png
26,Octa,7,"The Octa collection is built around F.P. Journe’s groundbreaking automatic movement, which offers extended autonomy without compromising elegance. Introduced in the early 2000s, the Octa caliber was the first automatic movement to provide a chronometric power reserve of around five days (120 hours) – a feat unheard of at the time. “Octa” (Latin for “eight”) alludes to its creator’s goal of approaching a week-long running time, illustrating Journe’s innovative spirit. Octa models come in various guises – from the Octa Réserve de Marche (power reserve and big date) to the Octa Lune (moonphase) and more – all sharing the same thin, 18k rose gold rotor movement at their heart. Despite their complications and long-running gear train, these watches maintain a slim, refined profile. Finely decorated and stamped with “Invenit et Fecit” (Invented and Made), the Octa line exemplifies F.P. Journe’s knack for blending practical convenience (long power reserve, automatic winding) with uncompromising haute horlogerie craftsmanship.",fpjourne.png
27,Tourbillon Souverain,7,"The Tourbillon Souverain is F.P. Journe’s defining masterpiece, uniting historical horology with modern innovation. Introduced in 1999 as the brand’s inaugural model, it was the first wristwatch tourbillon to incorporate a remontoir d’égalité (constant-force mechanism) and dead-beat seconds – a technical combination that ensures steady power delivery and precise, jump-by-second timekeeping. By marrying Abraham-Louis Breguet’s legendary tourbillon invention with Journe’s own ingenious complications, the Tourbillon Souverain achieves exceptional accuracy and a mesmerizing visual performance on the dial. Its architecture is characteristically Journe: off-centered displays with the tourbillon mechanism proudly showcased, all within an elegantly proportioned case. Crafted with precious metals (including Journe’s signature rose gold movement) and finished to the highest standards, this watch epitomizes the ethos “Invenit et Fecit.” The Tourbillon Souverain stands as a beacon of haute horlogerie, symbolizing François-Paul Journe’s relentless pursuit of technical excellence and artistry.",fpjourne.png
28,Double Tourbillon 30°,8,"The Double Tourbillon 30° is Greubel Forsey’s first groundbreaking invention, embodying the brand’s relentless quest for chronometric precision and three-dimensional mechanical art. Introduced in 2004, it features a tourbillon within a tourbillon: an inner carriage inclined at 30° that completes a rotation every minute, housed inside a second tourbillon cage that rotates once every four minutes. This ingenious configuration averages out gravitational errors in multiple positions, significantly improving timekeeping stability. Beyond its technical prowess, the Double Tourbillon 30° is a visual spectacle – the multi-axis tourbillon mechanism is prominently showcased on the dial, framed by Greubel Forsey’s signature finishing like black polishing, sharp anglages, and deeply engraved text that articulates their watchmaking philosophy. This creation firmly established Greubel Forsey’s reputation for pushing the limits of complication and craftsmanship, delivering a timepiece that is both an engineering marvel and a sculpture for the wrist.",greubelforsey.png
29,Tourbillon 24 Secondes,8,"Greubel Forsey’s Tourbillon 24 Secondes showcases a different approach to conquering gravity’s effects. Rather than multiple tourbillon cages, this invention employs a single fast-rotating tourbillon cage inclined at 25° that makes a full revolution in just 24 seconds – much quicker than the traditional one-minute rotation. This high angular velocity, combined with the inclined axis, enables the mechanism to average out positional errors extremely efficiently, boosting chronometric performance. The Tourbillon 24 Secondes is a demonstration of Greubel Forsey’s creativity in movement architecture: the lightning-fast tourbillon is often set in a dramatic cutaway, visible from multiple angles under a sapphire dome or within an open dial design. As always, the finishing is peerless, and the watch integrates this technical wonder into an aesthetic of depth and transparency. The result is a remarkable blend of cutting-edge physics and artisanal finishing, underscoring the brand’s motto of “Art of Invention” on the wrist.",greubelforsey.png
30,Balancier Convexe,8,"The Balancier Convexe collection represents Greubel Forsey’s exploration of dynamic balance wheel display within a contemporary, more wearable format. “Balancier” refers to the large balance wheel – the heart of the watch – which is the star of the show, often dramatically angled or prominently elevated within the movement. “Convexe” denotes the sleek, curved case profile that improves ergonomics on the wrist while providing a panoramic view of the complex interior. These watches strip away traditional dials to reveal an architectural, multi-level construction highlighting the oscillating balance (sometimes even multiple balances in certain models) and the intricate finishing of bridges and gears. Despite a sportier, modern aesthetic, the Balancier Convexe pieces sacrifice none of Greubel Forsey’s impeccable craftsmanship: expect black-polished steel parts, finely grained plates, and hand-finished bevels throughout. Marrying cutting-edge design with the brand’s horological innovations, the Balancier Convexe series brings Greubel Forsey’s artistry and technical prowess into a bold new visual realm.",greubelforsey.png
31,QP à Équation,8,"The QP à Équation is Greubel Forsey’s answer to the ultimate calendar watch – a perpetual calendar merged with an equation of time complication, executed in signature Greubel Forsey style. Despite its complexity (it even includes an inclined tourbillon), this timepiece is lauded for its innovative, user-friendly displays and adjustments. The perpetual calendar indications (day, date, month, leap year) are ingeniously arranged on the dial for clarity, using creative discs and subdials, while the equation of time – showing the difference between solar and mean time – is calculated via a mechanical “computer” visible on the back of the movement. In typical Greubel Forsey fashion, the QP à Équation is finished to an uncompromising standard and built with a multi-layered, architectural aesthetic. It stands as a testament to the brand’s ability to redefine traditional grand complications, yielding an ultra-complex watch that remains surprisingly intuitive to read and a joy to behold.",greubelforsey.png
32,Submariner,9,"The Rolex Submariner is the definitive dive watch – a timepiece that has set the standard for underwater durability and iconic design since its debut in 1953. As one of the first watches water-resistant to 100 meters (and now rated to 300m), the Submariner was purpose-built for scuba divers, featuring a rotatable 60-minute timing bezel, bold luminous markers for legibility in the deep, and Rolex’s patented Oyster case to guard against the elements. Its clean black dial (in classic iterations) and robust steel construction have an enduring, functional elegance that transcends its tool-watch origins – equally at home on an ocean expedition or paired with a tuxedo. Over the decades, subtle refinements have enhanced its movement and materials, but the Submariner’s essential look and reliability remain unchanged. It stands today not just as a cornerstone of Rolex’s lineup, but as one of the most recognized and sought-after sports watches in the world.",rolex.png
33,Daytona,9,"The Rolex Cosmograph Daytona is an iconic racing chronograph born from the world of high-speed motorsport. Introduced in 1963 and named after the famous Daytona International Speedway, it was designed to meet the needs of professional race car drivers – combining a stopwatch function (chronograph) with a tachymeter scale on the bezel for measuring average speeds. Over the decades, the Daytona has evolved into a cultural legend, fueled in part by its association with actor and racing enthusiast Paul Newman, who famously wore one. Today’s Daytona features Rolex’s state-of-the-art automatic movement for superb precision and reliability, encased in the robust Oyster case for protection. Its trio of subdials and bold contrast dial designs (often in black-and-white “panda” or other striking combinations) make it instantly recognizable. Whether timing laps at the track or serving as a status symbol off the circuit, the Daytona stands as a triumphant blend of technical performance and enduring style in the Rolex pantheon.",rolex.png
34,Datejust,9,"The Rolex Datejust is the quintessential luxury wristwatch for everyday wear, celebrated for its timeless style and pioneering features. Launched in 1945, it made history as the first self-winding chronometer wristwatch to display the date in a window on the dial, automatically changing “just in time” at midnight – hence the name Datejust. Its design is instantly classic: a sleek Oyster case (often in 36mm historically), a clear date aperture at 3 o’clock magnified by the Cyclops lens (introduced later), and options like a fluted bezel and Jubilee bracelet that have become signature elements. The Datejust’s versatility is unmatched; it’s water-resistant, durable, and available in a variety of metals, dial colors, and sizes to suit any style. Equally appropriate in the boardroom or at a casual weekend outing, the Datejust epitomizes Rolex’s blend of precision, prestige, and understated elegance – a true icon that transcends trends.",rolex.png
35,GMT-Master II,9,"The Rolex GMT-Master II is the ultimate jetsetter’s watch, capable of tracking multiple time zones at a glance and built with the ruggedness expected of a Rolex tool watch. Originally developed in the 1950s for Pan Am pilots, the GMT-Master introduced a fourth hand (GMT hand) and a 24-hour graduated rotating bezel so aviators could read home and local times simultaneously. The modern GMT-Master II refines this concept, allowing the hour hand to be set independently – even enabling monitoring of a third time zone temporarily. Its two-tone bezel designs (like the famous red-and-blue “Pepsi” or black-and-blue “Batman”) are instantly recognizable and have become style icons in their own right. With a robust Oyster case, reliable automatic movement, and excellent legibility, the GMT-Master II is as practical crossing oceans as it is striking on the wrist. It remains the go-to symbol of functional luxury for travelers worldwide.",rolex.png
36,Day-Date,9,"The Rolex Day-Date stands at the pinnacle of the brand’s classic collection, synonymous with prestige and often affectionately called the “Presidential” watch. Introduced in 1956, it was the first wristwatch to display both the date and the day of the week spelled out in full – an innovation that quickly became a symbol of sophistication. The Day-Date is crafted exclusively in precious metals (18k gold or platinum), underscoring its status as an elite timepiece. Its design hallmarks include the iconic President bracelet (with semi-circular links for a seamless, elegant drape), a fluted bezel on many models, and of course the duo of calendar windows (day at 12 o’clock and date at 3, magnified by a Cyclops lens). Worn by world leaders, captains of industry, and discerning collectors, the Day-Date conveys an aura of success and refinement. It embodies Rolex’s commitment to technical excellence while making a confident statement of luxury and leadership.",rolex.png
37,Classique,10,"Breguet’s Classique collection embodies the purest traditions of Abraham-Louis Breguet’s timeless design and watchmaking art. These watches are characterized by their elegant restraint and hallmark Breguet details: think exquisitely engine-turned (guilloché) dials in precious metals, slim round cases with fluted casebands (coin-edge pattern), blued steel “Breguet” hands with their distinctive crescent tips, and crisp Roman (or Arabic) numerals. The Classique models often feature ultra-thin movements and complications executed with refined simplicity – from classic time-only pieces to moonphases, retrograde indicators or tourbillons (a Breguet invention). Every element is finished to perfection, honoring the brand’s 18th-century legacy while incorporating modern precision. Wearing a Breguet Classique is akin to wearing a piece of horological history: it radiates an air of understated luxury, technical mastery, and the enduring elegance that the name Breguet has represented for over two centuries.",breguet.png
38,Marine,10,"The Marine collection brings Breguet’s centuries-old heritage to the high seas, blending classic elegance with a sportier, modern twist. Named in honor of Abraham-Louis Breguet’s role as official watchmaker to the French Royal Navy, Marine watches reimagine Breguet’s design codes for an active lifestyle. They feature robust cases (often in steel or titanium in addition to gold), enhanced water resistance, and sporty refinements like screw-down crowns and crown guards – all while retaining unmistakable Breguet touches. On many Marine dials, traditional engine-turning gives way to wave-inspired motifs, and Roman numerals or luminescent indexes ensure clear reading. The signature Breguet hands remain, slightly bolder, and the fluted caseband is present, albeit executed in a more rugged fashion. Whether a simple automatic or a high complication, each model marries precision and durability with Breguet’s refined craftsmanship. The Marine line navigates seamlessly between the deck of a yacht and a formal dinner, capturing the spirit of maritime adventure with luxurious flair.",breguet.png
39,Tradition,10,"The Breguet Tradition collection offers a bold homage to the brand’s origins. Inspired by A.-L. Breguet’s late 18th-century souscription (subscription) and tact watches, these timepieces expose their mechanical soul on the dial side. Tradition models typically feature a central mainspring barrel, an off-center time dial (often at 12 o’clock), and the balance wheel and gear train fully showcased atop the movement plate. This reversed movement layout lets the wearer appreciate the interplay of wheels, bridges, and Breguet’s pare-chute shock absorber much like viewing an antique Breguet pocket watch’s mechanism. Despite their historic muse, Tradition pieces are thoroughly contemporary in build and performance, incorporating modern calibers (with silicon components) alongside exquisite hand-finishing. The aesthetic juxtaposes antiqued finishes (frosted plates, etc.) with cutting-edge horology, yielding a design that is equal parts archival tribute and modern marvel. In the Tradition collection, Breguet lays its legacy bare – merging past and present in a captivating way.",breguet.png
40,Reine de Naples,10,"The Reine de Naples collection by Breguet is a celebration of feminine elegance and historical significance. Its name (“Queen of Naples”) honors one of the earliest known wristwatches, which A.-L. Breguet created in 1812 for Caroline Murat, the Queen of Naples. Today’s Reine de Naples timepieces echo that legacy with their distinctive oval-shaped case – a graceful, elongated form that sets them apart. These watches are unabashedly luxurious and refined: dials of mother-of-pearl or hand-guilloché gold, often accented with delicate moonphase displays or romantic complications; bezels and accessories frequently adorned with brilliant-cut diamonds; and the signature Breguet touches like blued pomme hands and fine fluted casebands. Designed exclusively for women, each model houses a self-winding mechanical movement, marrying serious watchmaking with jewelry artistry. The Reine de Naples watches sit like exquisite jewels on the wrist, embodying the blend of innovation, craftsmanship, and glamour that has long defined Breguet’s approach to ladies’ watchmaking.",breguet.png
41,Fifty Fathoms,11,"The Blancpain Fifty Fathoms is a legend in the dive watch world, widely regarded as the first modern diving wristwatch. Unveiled in 1953, it was conceived by a French Navy combat diver and Blancpain’s CEO to meet rigorous underwater requirements. The name “Fifty Fathoms” reflects its original guaranteed water resistance of 50 fathoms (about 91 meters) – unprecedented at the time. This watch introduced features now standard in dive watches: a rotatable timing bezel that turns only one way (for safety), bold luminous markings for visibility in deep water, a double-sealed crown, and antimagnetic protection. Today’s Fifty Fathoms collection upholds that legacy with contemporary technology (robust in-house automatic movements, greater water resistance) while retaining hallmark design cues like the large, easy-to-read dial with luminous numerals. Blending historical significance, utilitarian excellence, and Blancpain’s fine finishing, the Fifty Fathoms remains an icon of ocean exploration – truly the watch that defined the genre.",blancpain.png
42,Villeret,11,"Named after Blancpain’s birthplace village, the Villeret collection represents the brand’s most classical and timeless designs. These watches are the epitome of understated Swiss elegance – characterized by clean, balanced dials (often in pristine white or opaline), slender double-stepped (double pomme) case profiles, and traditional Roman numeral hour markers. The aesthetic is deliberately pure, often with feuille (leaf-shaped) hands gliding over an uncluttered dial. Yet, behind the apparent simplicity lies Blancpain’s technical prowess: the Villeret line encompasses everything from ultra-slim two-hand dress watches to complicated masterpieces like complete calendar moonphases, tourbillons, and minute repeaters, all equipped with in-house movements. Notably, Blancpain’s under-lug correctors (hidden pushers beneath the lugs to adjust calendar functions) are a clever Villeret innovation to preserve the case’s clean lines. In every Villeret model, heritage and innovation coexist harmoniously. They are timepieces that honor centuries of watchmaking tradition while quietly integrating modern advancements, making the Villeret the ultimate expression of Blancpain’s enduring classic style.",blancpain.png
43,Air Command,11,"Blancpain’s Air Command collection revives a legendary pilot’s chronograph from the late 1950s, fusing vintage aviation style with modern watchmaking prowess. The original Air Command was an extremely rare flyback chronograph, thought to be a prototype for the US Air Force – a model that attained near-mythical status among collectors. Today’s Air Command pays tribute to that heritage with period-inspired elements: a bidirectional ""countdown"" bezel for mission timing, a high-contrast two-register dial with bold luminescent numerals, and the prized flyback function (allowing the chronograph to reset and restart instantly with one push – ideal for aviators). Yet beneath the retro aesthetics lies cutting-edge Blancpain engineering: a finely finished in-house automatic chronograph caliber (column wheel, modern materials, superb precision). Available in materials like stainless steel, titanium, or gold, the Air Command blends nostalgic military flair with Blancpain’s luxury craftsmanship – honoring the brand’s lesser-known chapter in aviation history while delivering a top-tier modern timepiece.",blancpain.png
44,Ladybird,11,"Blancpain’s Ladybird collection carries a proud legacy as a pioneer in ladies’ mechanical watchmaking. In 1956, the original Ladybird debuted with the world’s smallest round mechanical movement of its time, showcasing Blancpain’s dedication to miniaturization and elegance. Today’s Ladybird watches honor that spirit with timepieces that are petite, refined, and uncompromisingly crafted. Each Ladybird features an exclusively mechanical self-winding movement (often with impressive power reserves given their size), beautifully decorated and visible through sapphire casebacks. Aesthetic flourishes emphasize femininity and luxury: delicate dials in materials like mother-of-pearl, intricate sunburst or guilloché patterns, and cases often adorned with sparkling diamonds (from bezels to lugs). Models range from simple time-only pieces to complications such as complete calendar moonphases, all scaled for a graceful ladies’ wrist. The Ladybird collection perfectly blends Blancpain’s technical heritage with jewelry-like beauty, proving that high horology and feminine elegance can go hand in hand without compromise.",blancpain.png
45,Speedmaster,12,"Omega’s Speedmaster is one of the most celebrated chronographs ever made – famously known as the “Moonwatch.” Launched in 1957 as a racing watch, its robust build and legibility led to NASA flight qualification in the 1960s. In 1969, a Speedmaster Professional became the first watch worn on the Moon during Apollo 11, forever cementing its legendary status. Hallmark features include the black dial with three subdials, a tachymeter bezel for measuring speed, and (in the classic Moonwatch) a hand-wound chronograph movement renowned for its reliability under extreme conditions. Over time, Omega expanded the Speedmaster line with modern calibers (including Co-Axial movements) and special editions, but the core design remains timeless and instantly recognizable. Equally at home on a steel bracelet or a utilitarian NATO strap, the Speedmaster is both a professional instrument and a cultural icon. It embodies the spirit of exploration, precision, and endurance – truly “the first watch on the Moon” and still among the most iconic watches on Earth.",omega.png
46,Seamaster,12,"The Omega Seamaster collection is a cornerstone of the brand, renowned for its connection to the sea and remarkable versatility. First introduced in 1948 as a robust water-resistant watch, the Seamaster evolved into a broad family ranging from professional dive instruments to refined sport-luxury timepieces. The most famous iteration is the Seamaster Diver 300M – with its distinctive wave-pattern dial and skeleton hands – which gained pop culture fame on the wrist of James Bond. True to its name, the Seamaster emphasizes water resistance and maritime design cues: rotating dive bezels, luminous indices for underwater legibility, and sturdy cases built for the ocean’s depths. At the same time, these watches benefit from Omega’s latest innovations, like Master Chronometer Co-Axial movements for superior precision and magnetic resistance. From the dressier Aqua Terra models to the vintage-inspired Seamaster 300 divers, the collection blends ocean-ready durability with Omega’s refined craftsmanship. The Seamaster’s enduring appeal lies in its ability to go from diving adventures to daily wear with effortless style, embodying Omega’s spirit of innovation and exploration.",omega.png
47,Constellation,12,"The Omega Constellation collection is a flagship line that encapsulates the brand’s dedication to precision and distinctive style. Born in 1952 as Omega’s premier chronometer-certified dress watch, the Constellation has always emphasized accuracy (hence the name, and the little star on its dial). In 1982, the Constellation was reimagined with the now-iconic “Manhattan” design – introducing the four polished griffes or “claws” on the case sides that clamp down the bezel, along with an integrated bracelet and Roman numerals on the bezel. This look has become the signature of the Constellation, instantly recognizable and elegantly bold. Modern Constellation models for both men and women maintain these design cues (the claws, the half-moon facets at the lug positions, and the mix of brushed and polished surfaces) while incorporating Omega’s latest movements, all Master Chronometer certified for top-tier precision and durability. Available in various sizes and materials (often combining steel and gold), with options like diamond-set bezels or silk-pattern dials, the Constellation seamlessly blends luxury and performance. It’s a watch that radiates a refined cosmopolitan character – equally suited for formal occasions or everyday sophistication, and always a testament to Omega’s horological heritage of precision.",omega.png
48,De Ville,12,"The Omega De Ville collection showcases the brand’s elegant side, focusing on classic design and technological innovation in a more refined package. Originally a sub-line of the Seamaster in the 1960s, De Ville became a standalone collection known for its clean, dressy aesthetics – often featuring slim cases, simple dials with fine details (like applied hour markers or Roman numerals), and luxurious materials. Beyond their looks, De Ville watches have been a platform for Omega’s advancements: notably, the De Ville was the first to house Omega’s Co-Axial escapement movement in 1999, heralding a new era of precision and low-maintenance operation. Within the collection, you’ll find models ranging from the understated De Ville Trésor (ultra-thin and classically styled) to more complex pieces like De Ville Chronograph or the Hour Vision series with sapphire-sided cases. Whether in stainless steel or precious gold, many with refined touches like guilloché dials or enamel finishes, the De Ville pieces radiate an understated sophistication. They are ideal for those occasions when a touch of quiet luxury and cutting-edge watchmaking is desired on the wrist, embodying Omega’s commitment to innovation wrapped in timeless style.",omega.png
49,Heritage Collection,13,"Grand Seiko’s Heritage Collection represents the purest expression of the brand’s tradition and craftsmanship. These watches draw direct inspiration from Grand Seiko’s historical models and the famed “Grand Seiko Style” established in the 1960s – characterized by clean, easy-to-read dials, razor-sharp hands and markers, mirror-polished (Zaratsu) surfaces, and a harmonious blend of beauty and practicality. The Heritage Collection often features dials that pay homage to Japanese nature and culture (such as textures evoking winter snow, autumn forests, or the Mount Iwate horizon), embodying the brand’s philosophy of “The Nature of Time.” Whether equipped with high-beat mechanical calibers or Spring Drive movements, every model delivers exceptional accuracy and smooth operation. From the iconic 44GS case designs to classic re-creations of early Grand Seiko pieces, the Heritage Collection stands as a bridge between past and present – offering timepieces with timeless elegance, exquisite finishing, and the precision that has defined Grand Seiko since 1960.",grandseiko.png
50,Evolution 9,13,"The Evolution 9 Collection marks a bold new chapter for Grand Seiko, redefining the brand’s design language while honoring its legacy. Introduced in 2020, Evolution 9 style watches incorporate nine core design principles aimed at enhancing legibility, comfort, and aesthetics. These timepieces maintain Grand Seiko’s hallmarks – like razor-sharp Zaratsu polished facets and meticulous finishing – but with modern updates: cases are a touch larger and more ergonomic, hands and indexes are broader for even greater clarity, and the overall look is more contemporary. The Evolution 9 models also showcase Grand Seiko’s latest technical achievements, often featuring next-generation movements (be it a high-beat mechanical caliber with extended power reserve or a Spring Drive with state-of-the-art precision). Dials continue to draw on natural inspirations (for instance, the acclaimed “White Birch” texture evoking a birch forest), but interpreted with fresh depth and detail. In essence, the Evolution 9 Collection pushes Grand Seiko forward – marrying the quintessential craftsmanship and beauty of the brand with a forward-thinking vision for the future of its design.",grandseiko.png
51,Elegance Collection,13,"Grand Seiko’s Elegance Collection is devoted to the art of the dress watch, combining the brand’s renowned precision with an extra measure of refinement and delicacy. These timepieces are characterized by compact, slender case designs (often in precious metals) and dials that exude quiet, classic sophistication – from pristine enamel or subtle sunburst finishes to minimalist layouts. Many Elegance models feature manual-winding movements (some with micro-rotors or ultra-slim profiles) visible through sapphire casebacks, highlighting traditional craftsmanship. Indeed, the collection often showcases artisanal techniques: for example, select pieces have Urushi lacquer or maki-e dials, or hand-painted details reflecting Japanese artistry. Whether it’s a simple two-hand watch or one with a poetic complication (like a power reserve or moonphase), each creation in the Elegance Collection embodies restraint and grace. These watches are ideal for formal occasions or for those who appreciate an understated luxury – all while upholding Grand Seiko’s hallmark accuracy and exceptional build quality.",grandseiko.png
52,Sport Collection,13,"Grand Seiko’s Sport Collection brings the brand’s high standards of precision and craftsmanship into the realm of rugged, performance-oriented timepieces. Built for activity, these watches feature bold and robust designs – think larger stainless steel or titanium cases, increased water resistance (often 200m or more), screw-down crowns, and prominent LumiBrite luminous hands and markers for low-light visibility. The Sport Collection spans divers, GMTs, chronographs, and more, all while maintaining Grand Seiko’s refined finishing (zaratsu-polished edges, crisp brushed surfaces) and attention to detail. Many models incorporate the brand’s technical prowess: Spring Drive movements for unmatched accuracy in dive watches, hi-beat calibers for sports GMTs, and specialty functions like power reserve indicators or chronograph complications tailored to active use. Despite their tool-like capabilities, Grand Seiko infuses an elegance into these sports watches – for instance, dials might carry subtle textures or deep colors inspired by nature (like the ocean blue “Shu-iro” or the texture of a rocky terrain). In the Sport Collection, durability and performance unite seamlessly with beauty and craftsmanship, offering timepieces that can tackle adventure without sacrificing the luxury and precision that define Grand Seiko.",grandseiko.png
53,Portugieser,14,"The IWC Portugieser (Portuguese) is an icon born of a unique request in the late 1930s: two Portuguese merchants asked IWC for a wristwatch with the precision of a marine chronometer. The result was a large (for the time) wristwatch housing a pocket-watch movement – a design that set the template for the Portugieser collection. Signature features include its clean, spacious dial with Arabic numerals and railway-track minutes, thin bezel (making the watch appear even larger), and elegant feuille (leaf-shaped) hands. Over the decades, the Portugieser has retained its nautical-instrument DNA and timeless aesthetic, while IWC has enriched the line with complications like chronographs, perpetual calendars, and tourbillons. Typically 40 to 44 mm in diameter, Portugieser watches convey a sense of purposeful clarity and classic style. Whether a simple automatic model or a grand complication, each Portugieser exemplifies IWC’s craftsmanship and engineering – a perfect blend of form and function that has made it one of the most revered dress watch families in Swiss horology.",iwc.png
54,Pilot’s Watches,14,"IWC’s Pilot’s Watches collection is deeply rooted in the brand’s aviation heritage, dating back to the 1930s and 40s when IWC produced instruments for early aviators. These watches are designed for maximum legibility and reliability in the cockpit. Hallmarks include high-contrast dials (usually black with bold white numerals), luminescent hands and indices, and the iconic triangular marker at 12 o’clock for quick orientation. The collection ranges from straightforward models like the Mark series (inspired by the legendary Mark 11 navigation watch issued to RAF pilots) to the oversized Big Pilot’s Watch with its distinctive onion crown (originally based on wartime observer’s watches), as well as modern chronographs and complex Top Gun editions. Regardless of complication, all IWC Pilot’s Watches share a utilitarian elegance: anti-magnetic protection, robust automatic movements, and cases often made of durable materials like steel, titanium, or ceramic. Yet, they also carry a certain charm and nostalgia – a link to the golden age of aviation. On the wrist, an IWC Pilot’s Watch is both a precise instrument and a statement of adventure, embodying the spirit of flight and IWC’s motto “Engineered for pilots” (and those who aspire to be).",iwc.png
55,Ingenieur,14,"IWC’s Ingenieur (“Engineer”) collection is a technical watch line originally introduced in 1955 for scientists, engineers, and anyone working around strong magnetic fields. The hallmark of the Ingenieur has always been its robust, utilitarian design and antimagnetic protection – early models featured a soft iron inner cage shielding the movement. In 1976, the Ingenieur received a legendary redesign by Gérald Genta, who created the Ingenieur SL (“Jumbo”) with an integrated steel bracelet and bold screw accents on the bezel, giving it a distinctive sporty-elegant look akin to other 1970s luxury sports watches. Modern Ingenieur models take cues from this era, combining the industrial-chic aesthetic (integrated case/bracelet, graphic dial elements) with contemporary engineering, such as IWC’s latest in-house movements and materials. They remain water-resistant and often incorporate anti-magnetic components or inner shielding, preserving the watch’s original purpose. The Ingenieur stands out in IWC’s collection as the watch “engineered for engineers” – blending rugged functionality, everyday wearability, and a design pedigree that appeals to aficionados of mechanical ingenuity and style.",iwc.png
56,Portofino,14,"The IWC Portofino collection captures a mood of laid-back Mediterranean elegance, inspired by the picturesque Italian Riviera town from which it takes its name. Launched in 1984, the Portofino line was conceived as a classically styled dress watch for the modern era – balancing simplicity, luxury, and a touch of vintage charm. Design elements emphasize clean lines and restraint: round cases with thin profiles, simple dials typically bearing slender Roman numerals or minimalist indices, and feuille hands. Many models feature subtle complications like a date or a moon phase, integrated without disrupting the dial’s harmony. The overall vibe is one of effortless sophistication, much like a leisurely evening in Portofino. Whether in stainless steel or gold, on an elegant alligator strap or Milanese mesh bracelet, a Portofino feels refined but unostentatious. It’s a versatile dress watch that can easily transition from casual to formal, embodying IWC’s approach to understated luxury and the dolce vita spirit of its Italian namesake.",iwc.png
57,Classics,15,"Frederique Constant’s Classics collection embodies the brand’s ethos of “accessible luxury” by offering traditionally styled, elegant watches at an attainable price point. These timepieces draw on timeless design cues of Swiss watchmaking: think crisp white or silver dials with Roman numerals or refined markers, guilloché-pattern or sunray finishes, and details like feuille or Breguet-style hands. The cases are typically round with clean lines and polished surfaces, exuding a dressy charm suitable for everyday sophistication or formal occasions. Many models feature practical complications such as date displays or even open-heart windows (showcasing the balance wheel) that add a touch of mechanical intrigue. Whether powered by reliable Swiss automatic calibers or precise quartz movements, each Classics watch is finished and presented with care – often on alligator-pattern leather straps – to give the impression of a far more expensive piece. In essence, the Frederique Constant Classics collection offers newcomers and seasoned enthusiasts alike a taste of traditional luxury watch design, proving that one can have a beautiful, well-crafted Swiss timepiece without an exorbitant price tag.",frederiqueconstant.png
58,Slimline,15,"Frederique Constant’s Slimline collection focuses on ultra-thin profiles and minimalist elegance, offering refined dress watches that slip easily under a cuff. These models, available for both men and women, are defined by their clean dials (often with simple stick indices or Roman numerals), slim hands, and unembellished round cases that emphasize slenderness and comfort on the wrist. Some Slimline watches are powered by precise quartz movements enabling very thin cases, while others house automatic or even in-house mechanical calibers engineered to be flat. Despite their accessible price point, Slimline timepieces feature details like guilloché patterned dials, mother-of-pearl accents (in ladies’ versions), or classic complications such as moonphase displays or small seconds, all executed with an eye toward clarity and grace. The design language is very much “less is more,” channeling vintage simplicity. The Slimline collection illustrates Frederique Constant’s dedication to delivering traditional Swiss dress watch aesthetics – think Piaget or Patek-inspired slim elegance – but at a more attainable level, making fine watch style available to a wider audience.",frederiqueconstant.png
59,Manufacture,15,"The Manufacture collection represents Frederique Constant’s highest level of watchmaking – timepieces powered by the brand’s own in-house movements. Since its founding, Frederique Constant has steadily developed a range of Manufacture calibers (over 30 to date), and this collection showcases those innovations. Watches in the Manufacture series span various styles and complications, but all share a common theme of blending classic design with technical prowess at a remarkable value. Examples include their in-house perpetual calendar, flyback chronograph, world timer, and even a tourbillon – complex feats typically seen in far pricier brands. Aesthetically, the Manufacture models often resemble the Classics line (with refined dials, elegant cases), but subtle details set them apart: the pride of seeing “Manufacture” on the dial or exhibition caseback, and the knowledge that inside ticks a movement conceived and assembled entirely in-house in Geneva. By offering complications like moonphases, calendars, and advanced escapements under its own roof, Frederique Constant positions the Manufacture collection as proof that genuine haute horlogerie can be achieved without stratospheric prices. It’s the ultimate expression of the brand’s mission to make fine Swiss watchmaking more accessible.",frederiqueconstant.png
60,Highlife,15,"The Highlife collection is Frederique Constant’s modern take on the popular luxury sports watch genre, combining a sporty-chic design with the brand’s accessible luxury philosophy. Originally introduced in the late 1990s and reimagined in 2020, Highlife watches feature an integrated bracelet/strap system (smoothly flowing from the case with no traditional lugs) and include an easy mechanism for swapping between stainless steel bracelets, leather, or rubber straps. The aesthetic is contemporary and versatile: 3-hand automatics, chronographs, and even complications like a world timer or perpetual calendar are presented with clean dial layouts often decorated with a subtle globe motif or textured pattern. Bold hour markers and luminescent hands ensure legibility, while the mix of brushed and polished surfaces on case and bracelet give a refined look. Sized around 41-43mm, the Highlife watches have a substantial wrist presence but maintain a slim profile for comfort. By offering complications with in-house movements (in some models) and a design echoing pricier luxury sport watches (think Audemars Piguet or Vacheron Constantin vibes) at a fraction of the cost, Frederique Constant’s Highlife appeals to a new generation of watch enthusiasts seeking both style and substance in an everyday timepiece.",frederiqueconstant.png
