Id,Name,BrandId,CollectionId,CurrentPrice,Description,Specs,Image
1,"6119G ""Clous de Paris""",1,1,"54,650","Modern take on the classic Calatrava with a hobnail-pattern bezel (“Clous de Paris”). Launched 2021 in white gold, it features a clean gray dial with small seconds. Continues Patek’s legacy of understated dress watches with refined details.","Movement: Manual Patek Caliber 30‑255 PS (65h power reserve); Case: 39 mm white gold, 8.1 mm thick; Dial: Gray, hobnail bezel; Strap: Black alligator; Water Resistance: 30 m",PP6119G.png
2,5227G-010 Automatic Date,1,1,"73,200","Elegant 39 mm Calatrava in white gold with a discreet date at 3 o’clock. Notable for its officer-style hinged caseback concealing the sapphire display back. A timeless dress piece blending modern convenience (automatic winding, date) with Patek’s classic design DNA. Current production.","Movement: Automatic Patek Caliber 324 SC (~45h reserve); Case: 39 mm 18k white gold, hinged officer caseback; Dial: Ivory lacquer, gold dauphine hands, date aperture; Strap: Brown alligator leather; Water Resistance: 30 m",PP5227G.png
3,Weekly Calendar 5212A,1,1,"66,950","A rare stainless steel Calatrava featuring an innovative weekly calendar complication (displaying day and week number). Introduced 2019, its dial uses charming handwritten-style fonts for the calendar indications. Sought-after as a contemporary Patek complication in steel. Still in the current collection.","Movement: Automatic Patek Caliber 26‑330 S C J SE (weekly calendar, ~45h reserve); Case: 40 mm stainless steel; Dial: Opaline silver, day and week indicators (handwritten font); Strap: Calf leather, vintage brown; Water Resistance: 30 m",PP5212A.png
4,5711/1A (Blue Dial),1,2,"52,300","Iconic stainless-steel Nautilus with blue dial, known as the definitive luxury sports watch. Originally launched 2006 (inspired by the 1976 ref. 3700), it became one of Patek’s most coveted models. Discontinued in 2021, making it a modern collectible.","Movement: Automatic Patek Caliber 324 SC; Case: 40 mm stainless steel, 8.3 mm thick; Dial: Blue horizontally embossed, date at 3; Bracelet: Integrated steel bracelet; Water Resistance: 120 m",PP5711.png
5,5712/1A Moonphase,1,2,Price on request,"Stainless-steel Nautilus with asymmetrical dial displaying moonphase, date and power reserve. Combines the sporty Nautilus design with useful complications. Highly popular for its unique dial layout and casual elegance. Current production (limited availability).","Movement: Automatic Patek Caliber 240 PS IRM C LU (micro-rotor, ~48h reserve); Case: 40 mm stainless steel; Dial: Blue/gray, moonphase display, analog date, power reserve indicator; Bracelet: Integrated steel bracelet; Water Resistance: 60 m",PP5712.png
6,5740/1G Perpetual Calendar,1,2,Price on request,"The first Grand Complication in the Nautilus line – an ultra-thin perpetual calendar in 18k white gold. Introduced 2018, it offers a full calendar (day, date, month, leap year) with moonphase in the sporty Nautilus format. Despite complexity, maintains a slim profile. Current flagship Nautilus complication.","Movement: Ultra-thin Automatic Caliber 240 Q (perpetual calendar, moonphase, 48h); Case: 40 mm 18k white gold, 8.4 mm thick; Dial: Blue sunburst, day/date/month and moonphase subdials; Bracelet: Integrated white gold bracelet; Water Resistance: 60 m",PP5740.png
7,5167A (Steel),1,3,Price on request,"The classic men’s Aquanaut, introduced 2007, featuring a black embossed dial and tropical rubber strap. This 40 mm steel sports watch offers a modern, casual expression of Patek luxury. Highly sought for its versatile, understated style. Current production.","Movement: Automatic Patek Caliber 324 SC; Case: 40 mm stainless steel, ~8.5 mm thick; Dial: Black checkerboard pattern, applied numerals, date at 3; Strap: Black composite rubber with steel folding clasp; Water Resistance: 120 m",PP5167A.png
8,5164A Travel Time,1,3,Price on request,"Aquanaut dual time model in stainless steel with two time zones (home and local) indicated by an extra hour hand and day/night indicators. Launched 2011, it combines sporty looks with practical travel functionality. Continues in current lineup, prized for its complication and wearability.","Movement: Automatic Patek Caliber 324 S C FUS (dual time function, ~45h reserve); Case: 40.8 mm stainless steel; Dial: Black embossed, skeletonized second hour hand for Travel Time, day/night apertures; Strap: Black tropical rubber; Water Resistance: 120 m",PP5164A.png
9,5968A Chronograph,1,3,Price on request,"Aquanaut chronograph in stainless steel, introduced 2018. Features a sporty 60‑minute flyback chronograph while retaining the Aquanaut’s youthful design (orange accents on dial and strap). A dynamic, modern Patek sports watch. Limited production and highly in-demand.","Movement: Automatic Patek Caliber CH 28‑520 C (flyback chronograph, 45h reserve); Case: 42.2 mm stainless steel; Dial: Black embossed, orange chronograph hand and 60-min counter; Strap: Orange or black composite rubber strap; Water Resistance: 120 m",PP5968A.png
10,Grandmaster Chime ref. 6300,1,4,Price on request,"Patek’s most complicated wristwatch ever (20 complications, double-faced). Features grande and petite sonnerie, minute repeater, perpetual calendar, second time zone, and more. Introduced 2014 (ref. 5175) and later offered as ref. 6300 in limited production. An ultra-exclusive grand complication and modern marvel. (Historical/discontinued to most, made to order.)","Movement: Hand-wound Patek Caliber 300 GS ALU 36‑750 QIS FUS IRM (1366 parts, 30h chiming reserve); Case: 47.7 mm, reversible double-dial (white gold); Complications: Grande & Petite Sonnerie, Minute Repeater, Alarm, Perpetual Calendar (four-digit year), Moonphase, Dual Time, Power Reserves, etc; Strap: Alligator leather",PP6300.png
11,5303R Minute Repeater Tourbillon,1,4,Price on request,"A visually openworked masterpiece from Patek, combining a minute repeater with a visible tourbillon. First released in 2020, the 5303R’s mechanical animation and hollowed dial draw immediate curiosity. Rare and built in tiny numbers.","Movement: Manual Patek Caliber R TO 27 PS (tourbillon, minute repeater; ~40h); Case: 42 mm rose gold & white gold hybrid, hollowed lugs; Dial: Skeleton-style, showcasing hammers and tourbillon; Strap: Black alligator; Other: Slide lever for repeater, engraved caseband",PP5303R.png
12,Perpetual Calendar Chronograph ref. 5270J,1,4,Price on request,A flagship Patek Grand Complication combining two of the maison’s hallmark functions: perpetual calendar and chronograph. The 5270 (launched 2011) continues a lineage of legendary Patek perp-calendar chronographs. 18k yellow gold version adds classical flair. Current model (also in other metals).,"Movement: Manual Patek Caliber CH 29‑535 PS Q (perpetual calendar, column-wheel chronograph; 65h); Case: 41 mm 18k yellow gold; Dial: Opaline white, day/month windows, date and moonphase at 6, 30-min and seconds subdials; Strap: Brown alligator; Other: Leap year & day/night indicators",PP5270.png
13,Manual-Winding (Ref. 81180),2,5,Price on request,"Ultra-thin 40 mm dress watch in the pure Patrimony style. Inspired by 1950s Vacheron designs, it features a simple two-hand layout with a slim case. Powered by a hand-wound movement, it exemplifies the collection’s minimalist elegance and timeless sophistication. Current production.","Movement: Manual Vacheron Caliber 1400 (approx. 40h reserve, Geneva Seal); Case: 40 mm 18k pink gold, 6.8 mm thick; Dial: Silvered opaline, applied gold indices, sub-seconds at 6 (none on some versions); Strap: Brown alligator, pin buckle; Water Resistance: 30 m",VC81180.png
14,Perpetual Calendar Ultra-Thin,2,5,Price on request,"A perpetual calendar in a classic Patrimony case, only 8.5 mm thick. Displays date, day, month, leap year and moonphase with elegant restraint. Exemplifies Vacheron’s haute horlogerie craftsmanship, uniting complexity and refinement. Crafted in precious metal (often white gold or platinum). Limited availability, made to order.","Movement: Ultra-thin Automatic VC Caliber 1120 QP (perpetual calendar, moonphase, 40h, Geneva Seal); Case: 41 mm 18k gold or platinum, ~8.5 mm thick; Dial: Silvered or opaline, day/date/month/leap year subdials, moonphase at 6; Strap: Alligator leather; Water Resistance: 30 m",VCperpetual.png
15,Retrograde Day-Date,2,5,Price on request,"Patrimony model featuring dual retrograde displays (day of week and date arcs). The dial’s two fan-shaped scales add visual intrigue while preserving a clean look. Encased in pink gold, it combines classical style with a playful complication. Showcases Vacheron’s technical artistry in an elegant format. Current production.","Movement: Automatic Caliber 2460 R31R7 (retrograde day and date, ~40h reserve); Case: 42.5 mm 18k pink gold; Dial: Silvered opaline, retrograde day scale at top, retrograde date at bottom; Strap: Brown alligator leather; Water Resistance: 30 m",VCretrograde.png
16,Automatic 41 (Blue Dial),2,6,Price on request,"The classic Overseas 3-hand model in stainless steel with translucent blue lacquer dial. 41 mm sports luxury watch combining 150 m water resistance with Geneva Seal finishing. Comes with interchangeable steel bracelet, leather and rubber straps for versatility. Highly coveted for its style and travel-friendly design. Current production.","Movement: Automatic VC Caliber 5100 (60h reserve, Geneva Hallmark); Case: 41 mm stainless steel, screw-down crown; Dial: Sunburst blue, luminous hour markers, date at 3; Bracelet/Strap: Interchangeable (steel bracelet + blue rubber & leather straps); Water Resistance: 150 m",VC4500V.png
17,Chronograph,2,6,Price on request,"42.5 mm steel automatic chronograph in the Overseas line. Features three subdials and a date, with an in-house column-wheel chronograph movement. Blends sporty functionality with Vacheron’s refined finishing. Comes with interchangeable bracelet/strap system. A robust yet elegant sports chronograph. Current model.","Movement: Automatic Caliber 5200 (column-wheel chronograph, 52h reserve, Geneva Seal); Case: 42.5 mm stainless steel, 13.7 mm thick; Dial: Silver or blue, 3 chronograph subdials (30-min, 12-hr, small seconds), date between 4 & 5; Bracelet/Strap: Interchangeable steel bracelet and straps; Water Resistance: 150 m",VC5500V.png
18,World Time,2,6,Price on request,A globetrotter’s Overseas featuring world time complication that simultaneously displays 37 time zones. The dial is a detailed world map with rotating disks for cities and day/night. 43.5 mm stainless steel case. Combines high utility and haute horlogerie in a sporty-luxury package. Limited production specialty piece.,"Movement: Automatic Caliber 2460 WT (world time with 37 zones, Geneva Seal); Case: 43.5 mm stainless steel; Dial: Lambert projection world map, city ring, 24-hour day/night ring, central hour/minute; Bracelet/Strap: Interchangeable steel & leather; Water Resistance: 150 m",VC7700V.png
19,American 1921,2,7,Price on request,Modern recreation of Vacheron’s Roaring Twenties driving watch. Distinguished by its cushion-shaped case and diagonal dial (crown at 1 o’clock) for easy reading on the wrist while steering. Manual-wind movement. Captures vintage charm with contemporary craftsmanship. Produced in gold (WG or RG) as part of Historiques collection.,"Movement: Manual Caliber 4400 AS (65h reserve, Geneva Seal); Case: 40 mm 18k white or rose gold, cushion-shaped; Dial: Off-white/cream, black Arabic numerals rotated 45°, small seconds at 4 o’clock; Strap: Brown or burgundy alligator; Water Resistance: 30 m",VCAmerican1921.png
20,Cornes de Vache 1955,2,7,Price on request,"A tribute to Vacheron’s classic 1955 chronograph, nicknamed “Cornes de Vache” for its distinctive cow-horn lugs. It features a manual wind column-wheel chronograph movement in a 38.5 mm case (often platinum or steel). The design is vintage-inspired, with dual subdials and tachymeter scale. Limited production, highly regarded by collectors.","Movement: Manual Caliber 1142 (column-wheel chronograph, ~48h reserve, Geneva Seal); Case: 38.5 mm platinum or stainless steel; Dial: Opaline with two subdials (30-min chronograph and small seconds), blued chronograph hands, tachymeter scale around edge; Strap: Black or brown alligator; Water Resistance: 30 m",VCcornesdevache.png
21,Triple Calendrier 1942,2,7,Price on request,"Modern reissue of Vacheron’s mid-20th century triple calendar. Comes in stainless steel with vintage aesthetics: complete calendar (day, date, month) and small seconds, no moonphase. 40 mm case with tear-drop lugs. Limited production. It faithfully recaptures the charm of a 1940s Vacheron in a contemporary execution.","Movement: Manual Caliber 4400 QC (calendar module, ~65h reserve); Case: 40 mm stainless steel; Dial: Two-tone silver, blue Arabic numerals, day and month in windows, date indicated by red-tipped hand around the dial; Strap: Brown calfskin; Water Resistance: 30 m",VC1942.png
22,Copernicus Celestial Spheres,2,8,Price on request,"Limited series showcasing artistic dials depicting Copernicus’s heliocentric model. Features intricate enamel and engraving work with orbiting celestial indicators (such as an orbiting earth or zodiac display). The time is often shown unconventionally (e.g., by discs or hands at the periphery) to allow the artwork center stage. A masterpiece blending astronomy, art, and watchmaking. Extremely limited availability.",Movement: Automatic in-house (Caliber 2460 RT) with rotating celestial indicator; Case: 43 mm 18k gold; Dial: Grand Feu enamel and hand-engraving depicting planetary orbits and constellations; Display: Hours and minutes via peripheral indicators (to not obscure art); Others: Each piece hallmarked and unique artwork,VCcopernicus.png
23,Les Aérostiers,2,8,Price on request,"A series of limited Métiers d’Art watches inspired by historic hot air balloons (Les Aérostiers). Each piece features a dial with a miniature 18k gold balloon handcrafted in plique-à-jour enamel, engraving, and guilloché, hovering over a detailed background. Time is displayed via creative mechanisms (e.g., wandering discs) so as not to disturb the art. These watches celebrate fine artisanal crafts and history. Wearable masterpieces that are highly limited (typically a handful of pieces per design).","Movement: Automatic in-house caliber with unconventional time display (e.g., sliding digital hours, minutes on disc); Case: ~40 mm 18k gold; Dial: Handcrafted gold balloon in translucent enamel, finely engraved landscapes; Display: Artistic (no traditional hands; uses apertures or peripheral scales); Other: Each model limited to a few pieces",VCaerostiers.png
24,“Year of the Rabbit” (Chinese Zodiac 2023),2,8,Price on request,"One example from VC’s Chinese Zodiac Métiers d’Art series (issued annually, 12-year cycle). The dial is a stunning hand-engraved and enameled scene featuring the zodiac animal (e.g., a rabbit) amid foliage. Time is indicated via four apertures (for hours, minutes, day, date) around the artwork. No hands, allowing an unobstructed view of the dial art. Limited to 12 pieces per year, these are collectible art watches merging Eastern symbolism with Swiss craftsmanship.","Movement: Automatic Caliber 2460 G4 (hour, minute, day, date shown in four windows; Geneva Seal); Case: 40 mm 18k gold (typically rose gold or platinum); Dial: Grand Feu enamel over hand-engraved relief of zodiac motif (e.g., rabbit), four apertures for time/calendar; Strap: Brown or black alligator; Other: 12 pieces limited edition (per zodiac year)",VCzodiac.png
25,Celestia Astronomical,2,9,Price on request,"A one-of-a-kind double-sided wristwatch boasting 23 astronomical complications (sunrise/sunset, equation of time, perpetual calendar, celestial chart, moon phases, tide level, etc.). Released in 2017 as a bespoke piece, it required several years of development. Housed in a 45 mm white gold case only 13.6 mm thick – a triumph of miniaturization. The Celestia exemplifies VC’s pinnacle bespoke watchmaking in the Cabinotiers department.","Movement: In-house Caliber 3600 (manual, 3 weeks power reserve with 6 barrels); Case: 45 mm 18k white gold, double-sided dials; Complications: 23 functions incl. perpetual calendar, equation of time, times of sunrise/sunset, sky chart, sidereal time, indications for solstices and equinoxes, etc.; Strap: Black alligator; Unique piece (2017)",VCcelestia.png
26,Symphonia Grande Sonnerie,2,9,Price on request,"Vacheron’s first ever grande sonnerie wristwatch (also with petite sonnerie and minute repeater) delivered through Cabinotiers in 2017. This unique piece chimes the hours and quarters automatically (or on demand) with exceptional acoustic engineering. Despite housing one of the most complex striking mechanisms, the watch maintains classic styling in a 45 mm gold case. Represents an extraordinary feat of high watchmaking and chiming innovation. Piece-unique.","Movement: Manual Caliber 1860 (gran&petite sonnerie + minute repeater, ~72h reserve); Case: 45 mm 18k white gold; Functions: Automatic hour/quarter striking (selectable silence), on-demand minute repeater, power reserve indicators for striking and movement; Dial: Silvered with small seconds and power reserve subdials; Unique piece (Cabinotiers commission)",VCsymphonia.png
27,“Phoenix” Minute Repeater Tourbillon,2,9,Price on request,"An example of a one-off Cabinotiers creation: a highly complicated watch (tourbillon + minute repeater) with extraordinary artisanal decoration. The “Phoenix” features a hand-engraved case depicting phoenix motifs in relief, often accented with enamel or gem-setting. Such a piece demonstrates VC’s ability to create singular works blending technical complication (e.g., flying tourbillon, repeater) with exquisite métiers d’art. Unique commission, not part of regular production.","Movement: One-off manual caliber integrating minute repeater and tourbillon; Case: ~44–45 mm 18k gold, fully hand-engraved with phoenix design; Dial: Possibly skeletonized or enamelled to complement theme (open view of tourbillon); Functions: Hours, minutes, tourbillon regulator, minute repeater (cathedral gongs); Note: Unique personalized creation by Les Cabinotiers",VCphoenix.png
28,“Jumbo” Extra-Thin 16202ST,3,10,Price on request,"The quintessential Royal Oak re-edition, 39 mm in stainless steel with the classic blue “Petite Tapisserie” dial. Introduced in 2022 for the model’s 50th anniversary (replacing ref. 15202), it stays true to the original 1972 Genta design – slim profile, iconic octagonal bezel secured by visible screws, and integrated bracelet. Powered by a new extra-thin in-house movement. Highly sought-after and produced in limited quantities.","Movement: Automatic Caliber 7121 (extra-thin, 55h reserve); Case: 39 mm stainless steel, 8.1 mm thick; Dial: Blue Petite Tapisserie pattern, white gold hour markers, date at 3; Bracelet: Integrated steel bracelet with AP folding clasp; Water Resistance: 50 m",AP16202.png
29,Selfwinding Chronograph 41,3,10,Price on request,"A Royal Oak with integrated chronograph function. 41 mm stainless steel case featuring the signature octagonal bezel and Grande Tapisserie dial (often blue, black, or silver). Houses a column-wheel chronograph movement (based on a high-end chronograph caliber). Blends sporty utility with AP’s refined finishing. A popular variant of the Royal Oak for those desiring a complication. Current production.","Movement: Automatic Caliber 2385 (column-wheel chronograph, 40h reserve); Case: 41 mm stainless steel, 11 mm thick; Dial: Grande Tapisserie pattern (blue/black/white), 3 chronograph subdials, date at 4:30; Bracelet: Integrated steel; Water Resistance: 50 m",AP26331.png
30,Perpetual Calendar,3,10,Price on request,"A high-complication Royal Oak featuring a perpetual calendar and moonphase. 41 mm case (often in steel or rose gold) with an ultra-thin caliber that displays day, date, month, week, leap year, and astronomical moon. The dial typically includes the signature tapisserie pattern behind the subdials. It merges the iconic Royal Oak design with AP’s tradition of complicated watchmaking. Current model (including openworked variants).","Movement: Automatic Caliber 5134 (ultra-thin perpetual calendar, 40h reserve); Case: 41 mm in steel or 18k gold, 9.5 mm thick; Dial: Tapisserie with four subdials (day, date, month with leap year, moonphase) + week indicator scale on outer chapter; Bracelet: Integrated matching metal bracelet; Water Resistance: 20 m",AP26574.png
31,Offshore “The Beast” (1993),3,11,Price on request,"The original Royal Oak Offshore model, nicknamed “The Beast” for its then-massive 42 mm size and bold design. Launched in 1993 to celebrate Royal Oak’s 20th anniversary, it introduced a sportier, more rugged take on the Royal Oak (with rubber-clad crown/pushers and 100 m water resistance). Stainless steel case, blue dial with Méga Tapisserie pattern. Now a historic model, no longer produced but highly significant as the first Offshore.","Movement: Automatic Caliber 2126/2840 (based on JLC 889, modular chronograph, ~42h reserve); Case: 42 mm stainless steel, ~15 mm thick, rubber-clad screw-down crown & pushers; Dial: Blue Méga Tapisserie, 3 subdials (chronograph), date at 3; Strap: Stainless steel bracelet (early models) or rubber/leather; Water Resistance: 100 m",AP25721.png
32,Offshore Diver,3,11,Price on request,"A robust diver’s iteration of the Royal Oak Offshore, introduced in the 2010s. 42 mm stainless steel case with rotating inner dive bezel (operated by an additional crown at 10 o’clock). Lacks chronograph, focusing on dive watch essentials. Tapisserie dial (often in vibrant colors like orange, yellow, or classic black/blue). Combines AP’s sport luxury style with genuine 300 m water resistance. Current production in various colorways.","Movement: Automatic Caliber 3120 (time and date, 60h reserve) in later models Caliber 4308; Case: 42 mm stainless steel, sapphire display back, screw-down crowns; Dial: Méga Tapisserie pattern, prominent lumed markers, rotating inner bezel for dive timing; Strap: Rubber strap with AP pin buckle (color-matched to dial); Water Resistance: 300 m",AP15710.png
33,Offshore Chronograph,3,11,Price on request,"The contemporary Royal Oak Offshore chronograph (42 mm) – an evolution of the original “Beast.” Stainless steel case with bold design elements (exposed black gasket, octagonal bezel, textured Méga Tapisserie dial). Houses a chronograph movement with date. Often offered in various limited editions and materials (steel, forged carbon, ceramic). Represents AP’s aggressive, modern sport aesthetic. Current production (multiple variants).","Movement: Automatic Caliber 3126/3840 (base cal 3120 + Dubois-Depraz chronograph module, ~50h); Case: 42 mm stainless steel (or other materials), rubber-clad crown and pushers; Dial: Méga Tapisserie, 3 chronograph subdials, date at 3 (magnified); Strap: Rubber or leather with tang buckle; Water Resistance: 100 m",AP26470.png
34,Concept (2002),3,12,Price on request,"The inaugural Royal Oak Concept watch, unveiled in 2002 as a 30th anniversary showcase of AP’s innovation. Futuristic design with a 44 mm titanium asymmetrical case, openworked dial and visible movement bridges. It introduced a hand-wound tourbillon with a “dynamograph” power indicator and function selector. Set the stage for the Concept line – avant-garde, experimental Royal Oak interpretations made in very limited numbers.","Movement: Hand-wound Caliber 2896 (tourbillon, 70h reserve, dynamograph torque indicator, function selector); Case: ~44 mm titanium, unique shape with protruding crown guard; Dial: Openworked, tourbillon at 9 o’clock, linear power reserve gauge at 12, function selector at 6; Strap: Kevlar/Nylon strap (original); Water Resistance: 50 m",APconcept2002.png
35,Concept Flying Tourbillon GMT,3,12,Price on request,"A cutting-edge Concept model (ref. 26589IO, circa 2018) combining a flying tourbillon and a second time zone in an ultra-modern Royal Oak design. Features a lightweight titanium case with ceramic bezel, and highly openworked dial showcasing the tourbillon at 9 and GMT disc at 3. Bold architectural bridges and a 3D look. Embodies AP’s technical prowess and design innovation. Extremely limited production.","Movement: Hand-wound Caliber 2954 (flying tourbillon, second time zone with day/night indicator, ~10d power reserve); Case: 44 mm titanium, black ceramic octagonal bezel; Dial: Openworked, tourbillon at 9, GMT globe and 24-hour disc at 3, skeletal bridges; Strap: Black rubber strap; Water Resistance: 100 m",AP26589.png
36,Concept “Black Panther” Flying Tourbillon,3,12,Price on request,"A 2021 limited edition (250 pieces) co-designed with Marvel. 42 mm titanium case with a sculpted Black Panther character in hand-painted white gold on the dial. Equipped with a flying tourbillon at 6 o’clock. The design merges comic book art with haute horlogerie, featuring purple accents and futuristic aesthetics. Caused a sensation upon release for its unexpected collaboration and highly detailed craftsmanship. All pieces sold out immediately.","Movement: Hand-wound Caliber 2965 (flying tourbillon, 72h reserve); Case: 42 mm titanium, black ceramic bezel; Dial: 3D hand-sculpted and painted Black Panther figure in gold, flying tourbillon at 6, no traditional hour markers (hands tell time against the figure); Strap: Purple rubber strap; Water Resistance: 50 m",APblackpanther.png
37,Tribute Small Seconds,4,13,Price on request,"A modern homage to the original 1930s Reverso, featuring a clean Art Deco design. Rectangular 45.6 × 27.4 mm case in stainless steel, manual wind movement. Front dial is a sunray blue (or other colors in variants) with small seconds at 6. The case flips over (empty metal back for personalization or display of movement in some versions). Embodies JLC’s classic elegance and the Reverso’s sporting origin (designed for polo players).","Movement: Manual Caliber 822/2 (~45h reserve); Case: 45.6 × 27.4 mm stainless steel, reversible; Dial: Blue sunray (Tribute model), applied indices, small seconds subdial at 6; Strap: Fagliano Collection blue leather (for Tribute edition); Water Resistance: 30 m",JLCtribute.png
38,DuoFace Classic,4,13,Price on request,"Iconic double-sided Reverso offering two dials for dual time zones. The front dial shows the home time (classic design, often silver guilloché), while the case flips to reveal a second dial (usually black or contrasting) with a second time zone and day/night indicator. Housed in a medium or large rectangular case. Manual movement driving both faces. A signature JLC innovation combining elegance and practicality. Current production model in the Reverso Classic Duoface line.","Movement: Manual Caliber 854A/2 (dual time, 2 dial outputs, ~42h reserve); Case: ~47 × 28 mm stainless steel (Large size example), reversible; Dial: Front – silvered with central guilloché, black numerals; Reverse – black with Clous de Paris texture, second timezone hours/minutes and 24h indicator; Strap: Black or brown leather; Water Resistance: 30 m",JLCduoface.png
39,Gyrotourbillon 2,4,13,Price on request,"A haute complication Reverso introduced in 2008, showcasing JLC’s multi-axis “Gyrotourbillon.” The oversized Reverso case (55 × 36 mm in platinum) houses a spherical tourbillon that rotates in multiple axes for improved timekeeping precision. The dial features a partial skeletonization, with a separate subdial for the time and a 50-hour power reserve indicator. This remarkable piece marries the Reverso’s reversible case concept with one of watchmaking’s most mesmerizing complications. Extremely limited production.","Movement: Manual Caliber 174 (double-axis Gyrotourbillon, 50h reserve); Case: 55 × 36 mm platinum, reversible (Gyrotourbillon visible on one side, time display on the other); Dial: Skeletonized elements, main dial with blued hands for hours/minutes, seconds on tourbillon cage, power reserve indicator; Strap: Black alligator; Water Resistance: 30 m",JLCgyro.png
40,Moon,4,14,Price on request,A refined dress watch featuring a moonphase and date in JLC’s Master Ultra Thin line. 39 mm stainless steel case with a clean silvered dial. The moonphase display and pointer date are positioned at 6 o’clock. Powered by a slim automatic movement. Balances complication and elegance in an ultra-thin profile that slides easily under a cuff. One of JLC’s most popular contemporary dress models. Current production.,"Movement: Automatic Caliber 925/1 (moonphase, date, ~43h reserve); Case: 39 mm stainless steel, 9.9 mm thick; Dial: Silvered sunray, applied indices, aperture at 6 with moonphase and crescent date hand; Strap: Black alligator with deployant clasp; Water Resistance: 50 m",JLCmoon.png
41,Perpetual Calendar,4,14,Price on request,"An ultra-thin perpetual calendar housed in a 39 mm Master case (examples in stainless steel or gold). Displays day, date, month, moonphase, and year without the need for adjustment until 2100. Despite the complexity, the watch is only about 9.2 mm thick, showcasing JLC’s engineering. The dial layout is balanced with three subdials and a year window. Renowned as one of the most value-driven perpetual calendars in high horology. Current model (various metals).","Movement: Automatic Caliber 868/1 (perpetual calendar, 38h reserve); Case: 39 mm stainless steel (or pink gold), ~9.2 mm thick; Dial: White or silvered, day at 9, month and year at 12, date and moonphase at 3, leap year indicator; Strap: Brown or black alligator; Water Resistance: 50 m",JLCperpetual.png
42,Tourbillon,4,14,Price on request,"A classic round dress watch integrating a tourbillon in an ultra-thin profile. 40 mm case (often pink gold) with a prominent tourbillon visible at 6 o’clock on the dial, acting as the seconds indicator. The overall design is understated, highlighting the rotating tourbillon cage. Automatic winding via a peripheral rotor in some versions to maintain slimness. Demonstrates JLC’s prowess in fine finishing and complication integration in a slim case. Current high-end offering in the Master line.","Movement: Automatic Caliber 978 (tourbillon, 45h reserve, COSC chronometer rated); Case: 40 mm 18k rose gold, ~11.3 mm thick; Dial: Silvered with sunray brush, cutout at 6 o’clock for the one-minute tourbillon (blued seconds hand on cage); Strap: Brown alligator leather; Water Resistance: 50 m",JLCtourbillon.png
43,Mariner Memovox,4,15,Price on request,"A diving-inspired alarm watch paying tribute to the 1968 Memovox Polaris. 42 mm stainless steel case, blue gradient dial. Equipped with a mechanical alarm (Memovox) that sounds underwater – a rare complication for divers. Has two crowns (one for time/alarm winding and setting, one for inner rotating dive bezel) plus an alarm on/off indicator. 300 m water resistant with a transparent caseback that lets one see the hammer mechanism. A unique blend of vintage charm and modern specification. Current model (limited availability).","Movement: Automatic Caliber 956 (alarm complication, 45h reserve); Case: 42 mm stainless steel, 15.6 mm thick, screw-down crowns; Dial: Blue gradient, luminous indices, alarm disk at center (triangle marker), inner rotating bezel for dive timing; Strap: Stainless steel bracelet; Water Resistance: 300 m",JLCmemovox.png
44,Date,4,15,Price on request,"A contemporary take on the retro Polaris design, without the alarm complication. 42 mm steel case, black or blue dial with mixed finishing (grained and sunray segments) and large Arabic numerals at cardinal points. Internal rotating bezel for timing. Date window at 3 o’clock. 200 m water resistance. It’s a versatile sport-elegant watch that nods to JLC’s skin-diver heritage while offering everyday functionality. Current production.","Movement: Automatic Caliber 899A/1 (~38h reserve); Case: 42 mm stainless steel, 13.9 mm thick, dual crowns; Dial: Black with vintage-style creamy lume, internal rotating bezel (operated by 2 o’clock crown), date at 3; Strap: Black calfskin leather (textured); Water Resistance: 200 m",JLCdate.png
45,Chronograph WT,4,15,Price on request,"A bold Polaris model combining chronograph and world-time functions. 44 mm titanium case for lightness, sporting a busy yet legible dial: outer rotating city disk for 24 time zones, inner 24-hour ring, and two chronograph subdials. Despite complications, retains 100 m water resistance. Black and white dial accents for clarity, with orange touches on the second time zone indicators. A true traveler’s sports watch that showcases JLC’s technical range. Limited edition model in the Polaris line (limited to 250 pieces).","Movement: Automatic Caliber 752 (chronograph with world time, 65h reserve); Case: 44 mm titanium, exhibition back; Dial: Black with world cities ring on flange, 24-hour disk, 30-min and 12-hr chrono subdials, central seconds, luminous markers; Strap: Brown calfskin; Water Resistance: 100 m",JLCchronograph.png
46,Chronographe,4,16,Price on request,"Part of JLC’s innovative Duomètre series, this 42 mm watch contains twin power trains (“dual-wing”) – one dedicated to timekeeping, one to the chronograph – both regulated by the same escapement. This ensures using the chronograph doesn’t affect timekeeping precision. The dial (eggshell white) features jumping seconds (1/6th second resolution), a chronograph minute and hour counter, and a unique twin power reserve display. A showcase of technical creativity and traditional style. Limited production, introduced 2007.","Movement: Manual Caliber 380 (dual-wing: separate barrels for time and chrono, 50h reserve each); Case: 42 mm 18k yellow gold (or white gold), approx. 13.5 mm thick; Dial: Ivory grained, twin coaxial seconds (foudroyante & running) at 6, 60-min and 12-hr chrono counters at 3 & 9, small hour/minute dial at 2, dual power reserves; Strap: Brown alligator; Water Resistance: 50 m",JLCduometrechrono.png
47,Quantième Lunaire,4,16,Price on request,"A dual-wing model focusing on calendar and astronomical display. It separates power for timekeeping and complications to optimize accuracy. 40.5 mm case in gold. The dial shows off-center hours/minutes, moonphase and date on the right, and a unique seconds with jumping hand (1/6th sec) on the left with a sweeping seconds beneath. Combines technical ingenuity with classical moonphase beauty. Introduced 2010, produced in limited numbers.","Movement: Manual Caliber 381 (dual-wing: one gear train for time, one for moonphase/date; 50h per barrel); Case: 40.5 mm 18k pink gold; Dial: Opaline silver, hour/minute subdial at 2, moonphase and date subdial at 4, jumping 1/6th second hand + sweeping seconds on left side; Strap: Brown alligator; Water Resistance: 50 m",JLCduometrelunaire.png
48,Sphérotourbillon,4,16,Price on request,"The Duomètre series’ pinnacle: a multi-axis tourbillon combined with dual-wing architecture. The Sphérotourbillon (introduced 2012) features a tourbillon that rotates in two axes (inclined at 20° and spinning once per minute, and rotating fully every 30 seconds on second axis), eliminating gravity effects in most positions. Housed in a 42 mm case (often platinum or rose gold). The dial displays time, a second timezone (subdial at 6), and a second hand that can be stopped (for precise setting) without halting the balance. A marvel of engineering and fine finishing, blending complication with practicality. Very limited production.","Movement: Manual Caliber 382 (dual-wing with Sphérotourbillon, 50h reserve); Case: 42 mm 18k rose gold or platinum; Dial: Grained ecru, main time at 12, second time zone subdial at 6, aperture at 9 for the 3D tourbillon, power reserve at 4; Strap: Black or brown alligator; Other: Second hacking mechanism stops seconds hand without stopping tourbillon (for synchronization)",JLCsphero.png
49,Lange 1 (Yellow Gold),5,17,Price on request,"The emblematic A. Lange & Söhne Lange 1, introduced in 1994, with its off-center dial layout, big date, and twin mainspring barrels. 38.5 mm case in 18k yellow gold, manual wind movement with 72h power reserve. A modern icon of German watchmaking, blending Saxon tradition with a distinctive asymmetrical design. Current model (various golds).","Movement: Manual Lange L121.1 (double barrel, big date, power reserve indicator, 72h); Case: 38.5 mm 18k yellow gold; Dial: Silvered, off-center hours/minutes, big date at 2, small seconds and power reserve at 5; Strap: Brown alligator; Other: Stop-seconds mechanism",ALSlange1.png
50,Lange 1 Time Zone,5,17,Price on request,A complication of the Lange 1 adding a second time zone. 41.9 mm gold case. Dial retains Lange 1’s style with an additional smaller dial for the second zone (with day/night indicator) and city ring on flange. Allows tracking home and travel time elegantly. Current production.,"Movement: Manual Caliber L031.1 (dual time, 72h); Case: 41.9 mm 18k pink gold; Dial: Solid silver, main time at left, second time zone at 5 with day/night, big date at 2, city disc for 24 time zones; Strap: Brown alligator",ALStimezone.png
51,Grand Lange 1 Moon Phase,5,17,Price on request,"A larger Lange 1 (40.5 mm) with a prominent moonphase complication integrated into the main dial. Asymmetric Lange 1 layout preserved, with moonphase gracefully set into hour-minute subdial. Manual movement, approximately 72h power. Combines hallmark Lange design with astronomical artistry. Current model in gold.","Movement: Manual Caliber L095.3 (moonphase, 72h reserve); Case: 40.5 mm 18k white gold; Dial: Argenté, off-center time with integrated moonphase disc, big date at 2, sub-seconds at 7; Strap: Black alligator",ALSLange1moon.png
52,(Digital Display),5,18,Price on request,Groundbreaking mechanical digital watch introduced in 2009. Hours and minutes displayed by jumping numerals in large apertures; small seconds and power reserve on dial. 42 mm case in white gold. Constant-force escapement ensures precise minute jumps. A bold blend of avant-garde display and traditional finishing. Ongoing production (recently updated movement in 2022).,"Movement: Manual Caliber L043.1 (remontoir constant-force, jumping hours/minutes, 36h); Case: 42 mm 18k white gold; Dial: Black/silver two-tone, digital hour and minute windows, small seconds at 6, power reserve at 12; Strap: Black alligator",ALSzeitwerk.png
53,Striking Time,5,18,Price on request,"A chiming version of the Zeitwerk, adding a quarter-hour striking mechanism (two hammers visible on dial). Strikes the hours and quarters with distinct tones. 44.2 mm case in white gold. Retains the digital time display. Combines the digital concept with Lange’s prowess in acoustic complications. Limited production model.","Movement: Manual Caliber L043.2 (jumping time with quarter-hour chimes, 36h); Case: 44.2 mm 18k white gold; Dial: Rhodium-plated, time displayed digitally, two polished steel hammers at 5 and 7 (strike on gong around dial); Strap: Black alligator",ALSzeitwerkstriking.png
54,Minute Repeater,5,18,Price on request,"Combines the jumping digital display with a decimal minute repeater – it chimes tens of minutes and minutes (matching the digital time). 44.2 mm platinum case. Extremely complex movement with unique chiming mechanism coordinated to the digital jump. A pinnacle of modern horology, showcasing Lange’s innovation. Very limited production.","Movement: Manual Caliber L043.5 (decimal minute repeater with digital display, 32h); Case: 44.2 mm platinum; Dial: Black, digital hours/minutes, small seconds at 6, repeater hammers at 4 and 8 (chime ten-minute intervals and minutes); Strap: Black alligator",ALSzeitwerkMR.png
55,Up/Down,5,19,Price on request,"Lange’s famed flyback chronograph with big date. 41 mm platinum case, black dial. Revered for its beautifully finished column-wheel chronograph movement (seen through back) and perfectly balanced dial with two subdials and power reserve indicator (“Up/Down”). Considered one of the finest chronographs ever made. Current iteration of Datograph (since 2012).","Movement: Manual Caliber L951.6 (flyback chronograph, big date, power reserve 60h); Case: 41 mm platinum; Dial: Black, outsize date at 12, 30-min chrono and small seconds subdials, UP/DOWN power reserve at 6; Strap: Black alligator",ALSdatograph.png
56,Perpetual,5,19,Price on request,"Combines the Datograph flyback chronograph with a perpetual calendar. 41 mm case (often white gold), grey dial with harmoniously arranged calendar displays (day, date, month, leap year, moonphase) in addition to chronograph subdials. A marvel of complexity and legibility, blending two signature complications of Lange. First released 2006; current versions in precious metals.","Movement: Manual Caliber L952.1 (chrono + perpetual calendar, 36h); Case: 41 mm 18k white gold; Dial: Grey, big date at 12, day/leap year at 9, month at 3, moonphase and day-night at 6, 30-min and running seconds subdials; Strap: Black alligator",ALSdatoperp.png
57,Perpetual Tourbillon,5,19,Price on request,"A flagship limited edition combining a flyback chronograph, perpetual calendar, and hidden tourbillon (visible only from the back). 41.5 mm platinum case, black dial. Only 100 pieces (released 2016). Showcases Lange’s top complications in one watch, while maintaining Datograph’s signature styling. An ultra-collectible piece demonstrating peak Saxon watchmaking.","Movement: Manual Caliber L952.2 (chrono, perpetual calendar, one-minute tourbillon, 50h); Case: 41.5 mm platinum; Dial: Black, layout similar to Datograph Perpetual, tourbillon visible on movement side; Strap: Black alligator; Limited: 100 pieces",ALSdatotourb.png
58,Thin,5,20,Price on request,"A purist two-hand dress watch exemplifying Lange’s clean design. 37 mm or 40 mm ultra-thin case (around 5.9 mm thick) in gold. No date or subdials – just hours and minutes, on an immaculate solid-silver dial. Powered by a beautifully finished manual movement despite the slim profile. Embodies understated luxury. Current model in the Saxonia line.","Movement: Manual Caliber L093.1 (thickness 2.9 mm, 72h reserve); Case: 40 mm 18k rose gold (5.9 mm thick); Dial: Solid silver, minimalist (no seconds or date), applied baton markers; Strap: Brown alligator",ALSsaxoniathin.png
59,Moon Phase,5,20,Price on request,"Elegant automatic dress watch featuring a moonphase and date. 40 mm case in gold. Dial is clear and balanced: big date at 12, moonphase with small seconds at 6. Automatic movement with 3/4 plate and gold rotor. Combines Saxon precision with classic complications in a refined package. Current Saxonia collection offering.","Movement: Automatic Caliber L086.5 (big date, moonphase, 72h); Case: 40 mm 18k white gold; Dial: Argenté, Lange outsize date at 12, moonphase and seconds subdial at 6; Strap: Black alligator",ALSsaxoniamoon.png
60,Annual Calendar,5,20,Price on request,"A complicated yet elegant piece offering an annual calendar (automatic adjustment for months length, except February) with moonphase. 38.5 mm case in gold. Dial displays day, date, month in apertures and a moonphase at 6, maintaining clarity. Automatic movement with 3/4 plate and gold rotor. Combines practicality with Lange’s trademark style. In production until recently (somewhat niche among Lange’s lineup).","Movement: Automatic Caliber L085.1 Sax-o-Mat (annual calendar, zero-reset seconds, 46h); Case: 38.5 mm 18k pink gold; Dial: Silver, big date at 12, day and month windows at 10 & 2, moonphase and small seconds at 6; Strap: Brown alligator",ALSsaxoniaannual.png
61,Excellence Panorama Date Moon Phase,6,21,Price on request,Classic GO dress watch in 40 mm steel with Panorama Date and moonphase at 10 and 2. Refined German style with blue details and caliber 36 automatic movement (100h). Combines elegance with modern in-house engineering.,"Movement: Automatic Caliber 36-04 (100h reserve); Case: 40 mm steel; Dial: Lacquered white, Panorama big date at 4, moonphase at 10; Strap: Black alligator; Water Resistance: 50 m",GOsenatorMoon.png
62,Chronometer,6,21,Price on request,"Marine chronometer-inspired manual wind in 42 mm white gold. Certified chronometer, with stop-seconds reset and minute detent for precise setting. Clean silver dial with Roman numerals, power reserve at 12, small seconds at 6. Exemplifies GO’s precision and Saxon heritage.","Movement: Manual Caliber 58-01 (stop-seconds reset, 45h); Case: 42 mm white gold; Dial: Grained silver, big date at 3, power reserve at 12, small seconds at 6; Strap: Blue alligator",GOchronometer.png
63,Cosmopolite,6,21,Price on request,Highly complex world-time in 44 mm white gold. Displays 2 time zones including 37 half/quarter time zones via city windows and DST indicators. Automatic caliber with Panorama Date and power reserve. A traveler’s masterpiece blending technical and practical prowess.,"Movement: Automatic Caliber 89-02 (world time, 72h); Case: 44 mm white gold; Dial: Lacquered silver, apertures for city codes, day/night, home/local time subdials, Panorama Date; Strap: Black alligator",GOCosmopolite.png
64,PanoMaticLunar,6,22,Price on request,"Signature GO asymmetric design: off-center hour/minute and small seconds, with moonphase and Panorama Date. 40 mm steel case, blue dial variant with duplex finishing. Automatic in-house caliber with display back showing the famed 3/4 plate and duplex swan-neck regulator.","Movement: Automatic Caliber 90-02 (moonphase, date, 42h); Case: 40 mm steel; Dial: Blue, off-center time at left, Panorama Date at 4, moonphase at 2; Strap: Blue Louisiana alligator",GOPanoMaticLunar.png
65,PanoReserve,6,22,Price on request,"Manual-wind Pano collection piece with off-center time and small seconds, and power reserve indicator opposite. 40 mm in red gold, galvanized silver dial. Showcases GO’s signature layout and finishing, with a useful power reserve complication (approx. 42h).","Movement: Manual Caliber 65-01 (42h reserve); Case: 40 mm 18k red gold; Dial: Silver, off-center hour/min, small seconds at 7, power reserve arc at 2, Panorama Date at 4; Strap: Brown alligator",GOPanoReserve.png
66,PanoInverse,6,22,Price on request,"Distinctive GO creation where the typically hidden movement side is on the dial. Exposes duplex swan-neck regulators and engraved balance cock on the front. 42 mm steel case. Off-center time display at 2, small seconds at 10. A dramatic showcase of German movement art from the dial side.","Movement: Manual Caliber 66-06 (inverted movement design, 41h); Case: 42 mm steel; Dial: Open movement plate with hand engravings, blued screws, off-center time subdial; Strap: Black alligator",GOPanoInverse.png
67,1969 Limited Edition,6,23,Price on request,"Faithful re-creation of GO’s first diver (Spezimatic Type RP TS 200 from 1969). 39 mm steel, black dial with old-style Arabic numerals and SuperLuminova, and a date at 3. Limited to 69 pieces, featuring period-accurate details including “25 Rubis” text. 20 bar water resistance. A tribute piece mixing vintage charm with modern specs.","Movement: Automatic Caliber 39-11 (40h); Case: 39.5 mm steel, unidirectional bezel; Dial: Matte black, creamy luminous numerals, date at 3; Strap: Tropic-style rubber or nylon; Water Resistance: 200 m",GOSeaQ1969.png
68,Panorama Date (Blue),6,23,Price on request,"Contemporary 43 mm dive watch with GO’s signature Panorama Date. Stainless steel case with blue dial and ceramic bezel. Automatic in-house caliber, 100 hour power reserve. Combines robust diver functionality (300 m WR) with elegant touches like the big date display and display caseback. Part of GO’s Spezialist collection for modern sport watches.","Movement: Automatic Caliber 36-13 (100h, Panorama Date); Case: 43.2 mm steel, ceramic bezel, screw-down crown; Dial: Sunray blue, applied numerals/indexes with lume, big date at 4; Strap: Stainless steel bracelet or blue rubber; Water Resistance: 300 m",GOSeaQPanorama.png
69,(Reed Green),6,23,Price on request,"Regular production SeaQ diver in 39.5 mm stainless steel, here featuring the reed green dial/bezel variant. Vintage-inspired layout with bold Arabic 12-3-6-9 and sword hands. Automatic caliber with ~40h reserve. 200 m water resistant. A stylish retro dive watch that pays homage to Glashütte’s history while being ready for everyday wear.","Movement: Automatic Caliber 39-11 (40h); Case: 39.5 mm steel, unidirectional green bezel; Dial: Reed green, large luminous numerals and indices, date at 3; Strap: Green nylon strap or steel bracelet; Water Resistance: 200 m",GOSeaQ.png
70,Black,6,24,Price on request,"Spezialist collection covers GO’s sport watches, primarily the SeaQ line. Example: standard SeaQ in black dial/bezel, 39.5 mm steel. Same specs as above (caliber 39-11, 200 m WR), offering a more traditional colorway. Embodies the collection’s ethos of robust performance with Saxon quality.","See SeaQ: 39.5 mm steel, black dial, black bezel, automatic caliber 39-11, date at 3, 200 m WR",GOspezialistBlack.png
71,Blue,6,24,Price on request,"Another variant in the Spezialist/SeaQ family: 43 mm SeaQ Panorama Date in blue (similar to above Panorama Date model). Highlights how the Spezialist line extends Glashütte’s heritage into modern sports territory with larger case and advanced in-house caliber (100h, silicon spring). Blue aesthetic appeals to contemporary sport-luxury trends.","See SeaQ Panorama Date: 43.2 mm steel, blue dial & bezel, big date, Cal. 36-13, 300 m WR",GOspezialistBlue.png
72,Green,6,24,Price on request,Illustrates another SeaQ option under Spezialist: the reed green 39.5 mm edition (as listed). Emphasizes the variety of colorways and sizes in this sports range while maintaining professional dive specs. Demonstrates GO’s push into adventure watches while upholding German watchmaking standards.,"See SeaQ Reed Green: 39.5 mm steel, green dial/bezel, Cal. 39-11, date, 200 m WR",GOspezialistGreen.png
73,(CS),7,25,Price on request,"Elegant 40 mm dress watch known for its chronometric performance. Power reserve at 3, small seconds at 7, clean dial (often silver guilloché or Havana brown). Rose gold movement. Manual wind with twin barrels for stable timekeeping. Embodies Journe’s classical side. Still part of core collection.","Movement: Manual FP Journe Caliber 1304 (18k rose gold, twin barrels, ~56h); Case: 40 mm or 42 mm, available in platinum or red gold; Dial: Off-center sub-seconds, power reserve 56h indicator; Strap: Alligator leather",FPJcs.png
74,Chronomètre Bleu,7,25,Price on request,"Cult-favorite variant of the CS: 39 mm tantalum case, vivid blue lacquer dial. Same caliber 1304 inside. Sought for its unique metal and dial color combination and limited production. No date, just superb finishing and a distinctive modern look. Extremely high demand among collectors.","Movement: Caliber 1304, rose gold bridges; Case: 39 mm tantalum; Dial: Electric blue chrome dial, small seconds at 7, power reserve at 3; Strap: Brown or blue leather",FPJbleu.png
75,Chronomètre Optimum,7,25,Price on request,"Journe’s ultimate chronometer, incorporating a double wheel escapement and remontoire for constant force. 40 mm case, time-only with small seconds and 70h power reserve indicator on back. Delivers extremely high precision. Very limited production, showcases François-Paul Journe’s technical pinnacle in timekeeping.","Movement: Manual Caliber 1510 (double direct impulse escapement, 42h constant force remontoire, ~70h total); Case: 40 mm platinum or red gold; Dial: Off-center hours/min, small seconds at 9; Display Back: Power reserve visible on back; Strap: Crocodile leather",FPJoptimum.png
76,Réserve de Marche,7,26,Price on request,"One of Journe’s early automatic models (Octa line) with a long power reserve ~120h. 40 mm case. Features an off-center time display, large date, and power reserve indicator. F.P. Journe’s first automatic caliber (Octa 1300) known for fitting complications in a thin design. A practical yet uniquely styled piece. No longer produced (replaced by newer Octa models).","Movement: Automatic Caliber 1300.1 (5-day power, 18k rose gold rotor); Case: 40 mm platinum or gold; Dial: Off-center hours/min, small seconds at 4:30, power reserve at 10:30, large date at 11; Strap: Leather strap",FPJoctareserve.png
77,Lune,7,26,Price on request,"An Octa automatic featuring a moonphase and large date. 40 mm case. Asymmetrical dial with time, small seconds, and power reserve on left, and moonphase with date on right. 120h power reserve from the same thin Octa caliber. Combines everyday practicality with poetic moonphase. Discontinued model in current form (Journe updates dials periodically).","Movement: Automatic Caliber 1300.3 (5-day, moonphase module); Case: 40 mm rose gold or platinum; Dial: Time subdial at 9, small seconds at 5, big date and moonphase at 1–2, reserve at 10; Strap: Alligator",FPJoctalune.png
78,Calendrier (Annual Calendar),7,26,Price on request,"Journe’s interpretation of an annual calendar. Uses Octa automatic movement modified for full calendar (day, date, month) requiring adjustment once per year (February). 40 mm case. Unconventional dial with retrograde date arc across the top and day/month windows. Limited production model showcasing practicality in Journe’s elegant style. (No longer in current catalog; produced mid-2000s.)","Movement: Automatic Caliber 1300.2 (annual calendar module, ~120h); Case: 40 mm platinum or gold; Dial: Retrograde date arc from 8 to 4, day window at 9, month window at 3, time subdial at 12, seconds at 4; Strap: Leather",FPJoctacal.png
79,-1999,7,27,Price on request,"F.P. Journe’s first production model (1999): a tourbillon with remontoire (constant-force device) and deadbeat seconds – the first ever wristwatch to combine these. 38 mm or 40 mm case in platinum or gold. Dial with tourbillon visible at 9 and seconds, and power reserve at 12. This early series (“Souscription” and subsequent) established Journe’s reputation. Discontinued, succeeded by updated models.","Movement: Manual Caliber 1498 (18k rose gold, one-minute tourbillon, 42h, remontoire for constant force, deadbeat seconds); Case: 38 mm or 40 mm; Dial: Off-center time at 3, tourbillon aperture at 9, seconds on tourbillon, power reserve at 12; Strap: Alligator",FPJtourbillon.png
80,(Dead-Seconds),7,27,Price on request,The second generation (circa 2004) Tourbillon Souverain incorporating Journe’s “seconde morte” (deadbeat seconds) visibly on dial. Largely similar to original but with slight dial changes (central seconds subdial) and movement improvements. 40 mm case typically. Demonstrates Journe’s continued refinement of his tourbillon concept. Discontinued 2019 (replaced by Vertical).,"Movement: Manual Caliber 1403 (tourbillon with remontoire & dead seconds, ~42h); Case: 40 mm gold or platinum; Dial: Time subdial at 3, tourbillon at 9, dead seconds indicated centrally or at 6 (depending on edition), power reserve; Strap: Leather",FPJtourbillonSouverain.png
81,Vertical,7,27,Price on request,20th anniversary edition of Journe’s tourbillon (2019) – features a vertically oriented tourbillon cage. Limited to 20 pieces in tantalum with bright blue dial ring. Also includes remontoire and dead seconds. Unique aesthetics with tourbillon visible through cut-out in dial and sapphire top on the case. Marks a celebratory evolution of Journe’s hallmark complication. All sold out immediately.,"Movement: Manual Caliber 1519 (vertical tourbillon, constant force, deadbeat seconds, 80h); Case: 42 mm tantalum; Dial: Blue lacquered ring, cutaway center displaying vertical tourbillon mechanism; Strap: Blue alligator; Limited: 20 pieces",FPJtourbillonvertical.png
82,(Invention 1),8,28,Price on request,"Greubel Forsey’s first invention, debuted in 2004: an innovative Double Tourbillon mechanism with one tourbillon cage inclined at 30° inside a larger 4-minute tourbillon cage. Housed in a 43.5 mm case (typically in gold). This construction averages out gravity effects in multiple positions, dramatically improving chronometric performance. Only a few examples were made early on, laying the foundation for the brand’s philosophy of extreme chronometry and hand-finishing.","Movement: Manual Greubel Forsey caliber (Double Tourbillon 30° mechanism, 1 inner cage rotating in 60s, 1 outer cage in 4min, 72h+ reserve); Case: ~43.5 mm 18k gold, with lateral display window on some editions; Dial: Silvered (partial open-work), off-center time display, power reserve indicator; Strap: Hand-sewn alligator; Water Resistance: 30 m",GFDT30.png
83,Technique,8,28,Price on request,"An openworked execution of the Double Tourbillon 30°, unveiled 2009. Features a fully skeletonized dial movement under a sapphire crystal, showcasing every mechanism in 3D. Four fast-rotating barrels provide 120h (5 days) of power ","Movement: Manual Greubel Forsey Double Tourbillon 30° (inclined inner 1-minute tourbillon inside 4-minute outer tourbillon, 120h reserve via four barrels); Case: 47.5 mm (various: WG/RG/PT, Titanium, Sapphire, Ceramic); Dial: Fully openworked, indicating hours, minutes, small seconds, 72h chronometric power reserve; Strap: Hand-stitched alligator; Water Resistance: 30 m",GFTechnique.png
84,Asymétrique,8,28,Price on request,"Limited to 22 pieces (2013–2014), this version reimagined the Double Tourbillon 30° in an asymmetrical case design","Movement: Manual Greubel Forsey Double Tourbillon 30° (twin-axis tourbillon with 1min/4min rotations, 72h reserve); Case: 43.5 mm asymmetrical, 18k red or white gold, bulging sapphire window on case side; Dial: Multi-level, time subdial at 1 o’clock, power reserve at 2, exposed tourbillon at 8; Strap: Black hand-sewn alligator; Water Resistance: 30 m",GFAsym.png
85,(Contemporain),8,29,Price on request,"Greubel Forsey’s second invention, first presented in 2007: a single tourbillon inclined at 25° and making a rapid revolution in 24 seconds. This high-speed inclined tourbillon averages out timing errors in more positions. Early models like the Tourbillon 24 Secondes Asymétrique used asymmetric cases, while the Contemporain (2012) introduced a round 43.5 mm case (often in platinum with a blue dial). These pieces display a dramatic elevated tourbillon at 8 o’clock and have a 72h power reserve. A significant evolution in GF’s pursuit of chronometry","Movement: Manual Greubel Forsey Tourbillon 24s (inclined 25° fast tourbillon, 24s per rotation, 72h reserve via twin barrels); Case: 43.5 mm platinum or gold; Dial: Blue enamel or multi-level silvered, off-center hours/minutes, 24s tourbillon at 8 o’clock with inclined cage, power reserve indicator; Strap: Hand-sewn alligator; Water Resistance: 30 m",",GF24SecCont.png"
86,Vision,8,29,Price on request,"A notable variant that won the Aiguille d’Or (Grand Prix) in 2015. The Tourbillon 24 Secondes Vision placed the fast inclined tourbillon into a relatively slim 43 mm round case with a domed sapphire on the caseback to accommodate the cage’s height. Platinum with a subdued dial, it was lauded for blending Greubel Forsey’s technical virtuosity with elegant, wearable design. A clear, understated enamel dial hides the inclined tourbillon which is visible through the sapphire rear dome. Limited to 22 pieces in platinum.","Movement: Manual Greubel Forsey Tourbillon 24 Secondes (fast 24s inclined tourbillon, 72h reserve); Case: 43 mm platinum, 13.65 mm thick with curved sapphire protrusion on caseback; Dial: White enamel, blued steel hands, tourbillon visible only via rear display dome; Strap: Black alligator; Water Resistance: 30 m",GF24SecVision.png
87,“Architecture,8,29,Price on request,"A contemporary marvel (released 2022) showcasing a fully modernized design. The Architecture presents the 24-second inclined tourbillon in a new 47 mm convex titanium case with panoramic sapphire openings in the case band. The movement is a concentric, skyscraper-like construction with layered bridges and skeletonized structures, visible from all angles. It indicates hours and minutes on a minimalist sapphire ring. This piece embodies GF’s futuristic approach, pushing the limits of aesthetics and mechanics. Extremely limited production.","Movement: Manual Greubel Forsey Tourbillon 24 Secondes (inclined high-speed tourbillon, 90h reserve); Case: 47 mm titanium, convex profile with lateral sapphire windows; Dial: Sapphire chapter ring for hours/minutes, multi-level movement architecture with suspended gear bridges, tourbillon at 6 o’clock; Strap: Textured rubber or alligator; Water Resistance: 30 m",GF24SecArch.png
88,Balancier S (Convexe),8,30,Price on request,"Greubel Forsey’s take on a luxury sports watch, introduced 2020. The Balancier S features a large, inclined balance wheel (12.6 mm) prominently visible on the dial, inside a 44 mm lightweight titanium case with an ergonomic “convex” profile and integrated rubber strap. It offers 100 m water resistance – unusual for GF – and a 72h power reserve. The design includes a curved sapphire crystal and sloping case sides for a bold, modern aesthetic. It marked a new, sportier direction for the brand while preserving GF’s high finishing standards.","Movement: Manual Greubel Forsey Caliber with 30° inclined balance (large balance wheel, 72h reserve); Case: 44 mm titanium, convex shape, curved sapphire, screw-down crown; Dial: Open architecture with inclined balance at 7, small seconds and power reserve at 2, luminescent indices; Strap: Integrated textured rubber; Water Resistance: 100 m",GFBalancierS.png
89,Double Balancier Convexe,8,30,Price on request,"Introduced 2022, this model showcases two inclined balance wheels with differential coupling, in a bold 42.5 mm convex titanium case. The dual balances (each at a 30° tilt) oscillate independently, averaging out positional errors and improving timekeeping. A lateral sapphire window wraps around the case for viewing the movement sides. Limited to 88 pieces (2022–2026), it demonstrates Greubel Forsey’s pursuit of chronometric performance in a contemporary, sport-oriented design.","Movement: Manual Greubel Forsey Double Balancier (two inclined 30° balance wheels with spherical differential, 72h reserve); Case: 42.5 mm titanium, convex profile, display back and side sapphire ring; Dial: Openworked, suspended gear train bridges, two visible balances, power reserve indicator at 2, small seconds at 8; Strap: Black rubber or textured leather; Water Resistance: 100 m",GFDoubleBalancierConvexe.png
90,S²,8,30,Price on request,"A 2022 update to the Balancier S, refining the design with a smaller 41.5 mm convex case and cleaner dial details. The Balancier Convexe S² retains the signature inclined large balance at 6 o’clock but opts for a more open dial with modern finishing (micro-blasted and polished elements). Produced in limited editions (e.g. 88 pieces in titanium with blue accents), it represents a more streamlined, slightly more wearable evolution of Greubel Forsey’s sport line. Same 72h hand-wound movement inside, with superior finishing on display.","Movement: Manual Greubel Forsey Balancier (30° inclined large balance, 72h power reserve); Case: 41.5 mm titanium, convex shape, crown guard; Dial: Skeletonized with matte and glossy black bridges, large 12.6 mm balance at 6, power reserve at 3, hour/minute ring; Strap: Textured rubber or nylon; Water Resistance: 100 m",GFBalancierS2.png
91,(Original),8,31,Price on request,"One of Greubel Forsey’s most complex creations, the Quantième Perpétuel à Équation combines a perpetual calendar with an equation-of-time display and inclined tourbillon. Introduced at SIHH 2015, it features GF’s patented Mechanical Computer system to synchronize all calendar indications. The dial (often silvered) shows day, large date, month, leap year, and power reserve, plus hours, minutes, seconds. On the back, an extensive astronomical display shows the equation of time and seasons. Housed in a 43.5 mm gold case, it’s an ultra-complicated watch made in very small numbers (2–3 pieces per year).","Movement: Automatic Greubel Forsey QP à Équation (perpetual calendar + 24s inclined tourbillon + equation of time, 72h reserve); Case: 43.5 mm 18k white gold; Dial: Multi-tier, displays for hours, minutes, small seconds, day, big date, month, leap year, power reserve 72h; Reverse: Transparent back with equation of time scale, month, season, solstice/equinox indicators, and year; Strap: Hand-sewn alligator; Water Resistance: 30 m",GFQPEquation.png
92,",(Red Gold, “Chocolate” Dial)",8,31,Price on request,"A 2020 edition of the Greubel Forsey QP à Équation in a 5N red gold case with a rich chocolate-brown multi-level dial. This warmer-toned execution presents a different aesthetic for the QP à Équation, while maintaining the same mechanical complexity: synchronized displays for date, day, month, leap year, and equation of time, plus a 24-second tourbillon. Only a handful of these were made, each showcasing GF’s top-notch finishing (hand frosting, anglage, and black polishing) paired with the more casual elegance of a brown dial/strap combination.","Movement: Automatic Greubel Forsey Caliber QP à Équation (7th “Invention” with Mechanical Computer, inclined tourbillon, 72h); Case: 43.5 mm 5N red gold; Dial: Multi-level in chocolate brown and silver tones, apertures for day, big date, month, leap year, power reserve, sector for seconds; Strap: Brown hand-stitched leather; Water Resistance: 30 m",GFQPchocolate.png
93,“Millésime” Edition,8,31,Price on request,"A special Millésime edition of the QP à Équation introduced in 2017 (with a rhodium-plated dial). Greubel Forsey periodically releases Millésime versions as showcase pieces – this one continued the legacy of the 2015 original by adding unique finishing touches and sometimes incremental enhancements. It retains the same functionality: bi-directional perpetual calendar (easily adjustable forward/backward) with equation of time and tourbillon. Essentially a rare variant for collectors, underscoring GF’s constant drive to refine even its most complicated watches.","Movement: Automatic Greubel Forsey QP à Équation; Case: 43.5 mm precious metal (often white gold); Dial: Varied finish (e.g. rhodium-plated) with comprehensive calendar displays, inclined tourbillon visible between 7 and 8 o’clock; Strap: Black or brown alligator; Limitation: Millésime editions are extremely limited (often one per year)",GFQPMillesime.png
94,(1953 “Big Crown”),9,32,Price on request,"The original Rolex Submariner, launched 1953 – the first divers’ wristwatch waterproof to 100 m. Early references like the 6538 featured an oversized crown (no crown guards) and a black rotating bezel with 15-minute markings, setting the template for dive watches. Famously worn by James Bond (Sean Connery). Powered by a chronometer-rated automatic movement. An icon of tool watch design, now highly collectible; it established the Submariner as the archetype of dive watches.","Movement: Rolex Caliber 1030 (early automatic, COSC certified); Case: 38 mm stainless steel, no crown guards, bidirectional timing bezel; Dial: Black gloss gilt, luminous radium indices and Mercedes hands, no date; Strap: Riveted Oyster steel bracelet or NATO strap; Water Resistance: 100 m (first to achieve in 1953)",RLX6204.png
95,“Hulk” 116610LV,9,32,Price on request,"A modern classic Submariner variant featuring a green dial and green Cerachrom bezel, nicknamed the “Hulk.” Introduced in 2010 and produced until 2020, it was the first Submariner Date with a green dial (the 50th anniversary “Kermit” of 2003 had a green bezel but black dial). 40 mm stainless steel Super Case with broader lugs and a solid link bracelet. Its distinctive look and relatively limited production run have made it highly sought-after since discontinuation.","Movement: Rolex Caliber 3135 (automatic, 48h reserve, COSC); Case: 40 mm 904L stainless steel, unidirectional ceramic bezel insert (green), Triplock screw-down crown; Dial: Metallic sunburst green, white gold hands and indices with Chromalight lume, date at 3 with Cyclops lens; Bracelet: Oyster bracelet with Glidelock clasp; Water Resistance: 300 m",RLXHulk.png
96,“No Date” 124060,9,32,"13,700","The current-generation Submariner (no-date version) introduced in 2020. 41 mm Oystersteel case with slightly revised proportions (slimmer lugs) and an upgraded movement. Classic black dial and bezel. It continues the Submariner legacy as a robust professional dive watch for everyday wear. Equipped with Rolex’s latest caliber 3230 and featuring the Oyster bracelet with Glidelock extension. Official retail price around A$13,700 (2023).","Movement: Rolex Caliber 3230 (automatic, ~70h reserve, Chronergy escapement, COSC Superlative Chronometer); Case: 41 mm Oystersteel, unidirectional Cerachrom bezel (black), Triplock crown; Dial: Black, white gold applied hour markers with Chromalight lume; Bracelet: Oyster steel with Glidelock extension clasp; Water Resistance: 300 m",RLX124060.png
97,Cosmograph “Paul Newman” ref. 6239,9,33,Price on request,"The most iconic vintage Rolex Daytona, referred to as the “Paul Newman” due to the actor Paul Newman famously wearing one. Reference 6239 (produced mid-1960s) with the distinctive exotic dial: art-deco style fonts, square-tipped subdial markers, and contrasting black/cream coloration. Originally a slow seller, these now extremely rare variants became auction sensations decades later. Manual-wind chronograph movement by Valjoux. An absolute grail for collectors – one such piece (Paul Newman’s own) fetched a record price in 2017","Movement: Rolex Caliber 722 (based on Valjoux 72, 18,000 vph, 17j manual chronograph); Case: 37 mm stainless steel, pump pushers, domed acrylic crystal; Dial: “Exotic” white dial with black subdials, red outer minutes track, art-deco numerals on subdials; Strap: Vintage-style leather or Oyster bracelet; Water Resistance: 50–100 m (approx, not originally rated for deep diving)",RLX6239.png
98,ref. 16520 “Zenith”,9,33,Price on request,"The first automatic Rolex Daytona, introduced in 1988 and powered by a modified Zenith El Primero movement. Reference 16520 in stainless steel, 40 mm case. It featured a gloss black or white dial with contrasting rings and an outer seconds track. Its launch transformed the Daytona from a slow seller into a waitlisted icon. Produced until 2000, this model is highly collectible – especially early “floating” dial variants and the final series with engraved rehaut. It represents the bridge between vintage manual Daytonas and modern in-house models.","Movement: Rolex Caliber 4030 (modified Zenith El Primero, 28,800 vph reduced to 36,000, 52h reserve, COSC); Case: 40 mm stainless steel, screw-down pushers, sapphire crystal; Dial: Black or white, applied hour markers with lume, 3 subdials for 30-min, 12-hr, running seconds; Bracelet: Oyster steel bracelet; Water Resistance: 100 m",RLX16520.png
99,ref. 116500LN (Ceramic Bezel),9,33,Price on request,"The current steel Daytona model (launched 2016) featuring a black Cerachrom ceramic bezel. Reference 116500LN, 40 mm Oystersteel case. Available with white or black dial, it became one of the most in-demand luxury watches worldwide, with multi-year waitlists. Powered by Rolex’s in-house chronograph caliber 4130 with 72h power reserve. It carries on the Daytona legacy with modern upgrades (ceramic bezel for scratch resistance, Chromalight blue lume) while preserving the classic 3-subdial layout and 100 m water resistance.","Movement: Rolex Caliber 4130 (in-house automatic chronograph, vertical clutch & column wheel, 72h, COSC Superlative); Case: 40 mm Oystersteel, black Cerachrom bezel with tachymetric scale, screw-down pushers; Dial: White or black lacquer, luminous indices, 3 subdials (chronograph hours, minutes, small seconds); Bracelet: Oyster steel with Oysterlock clasp; Water Resistance: 100 m",RLX116500.png
100,“Big Jubilee” ref. 4467,9,34,Price on request,"The original Rolex Datejust, introduced in 1945 to celebrate Rolex’s 40th anniversary. Reference 4467 in 18k yellow gold, 36 mm Oyster case. It was the first wristwatch to feature a date window that automatically jumped at midnight, hence “Date-Just.” It also debuted the five-piece link Jubilee bracelet. Characterized by a coin-edge bezel (predecessor to the fluted bezel) and a champagne dial. This landmark model set the stage for one of Rolex’s most enduring and versatile designs – the Datejust, marketed as a symbol of prestige and precision.","Movement: Rolex Caliber 710 (automatic “Perpetual” with date mechanism, COSC for later versions); Case: 36 mm 18k yellow gold, coin-edge bezel, acrylic crystal; Dial: Champagne, golden applied indices, date window at 3 (initially without Cyclops magnifier, which was added in 1950s); Bracelet: Jubilee 18k gold (introduced with this model); Water Resistance: 50 m (Oyster case)",RLX4467.png
101,36 Two-Tone (ref. 16233),9,34,Price on request,"A classic example of the Datejust in its quintessential two-tone configuration. Reference 16233 (circa 1988–2004) features a 36 mm stainless steel case with 18k yellow gold fluted bezel and crown, and a steel/gold Jubilee bracelet. Typically seen with a champagne dial and bar markers. Powered by Rolex’s Caliber 3135 with quickset date. This era of Datejust was ubiquitous as a luxury status watch, combining durability with an elegant, versatile style – often considered the archetype of the modern Datejust.","Movement: Rolex Caliber 3135 (automatic, 28,800 vph, ~48h reserve, COSC); Case: 36 mm stainless steel with 18k yellow gold fluted bezel, sapphire crystal; Dial: Champagne or other options, applied indices or Roman numerals, date at 3 with Cyclops magnifier; Bracelet: Two-tone Jubilee (SS and 18k gold center links); Water Resistance: 100 m",RLX16233.png
102,Datejust 41 (ref. 126334),9,34,Price on request,"A contemporary Datejust in the larger 41 mm size, introduced with the Datejust II (2009) and refined as Datejust 41 in 2016. Reference 126334 is a popular configuration: stainless steel case with 18k white gold fluted bezel (Rolex calls this White Rolesor), on an Oyster or Jubilee bracelet. Often paired with a blue or silver sunray dial. Houses the modern Caliber 3235 with 70h power and Chronergy escapement. This model retains the Datejust’s classic looks while offering an updated size and movement for modern tastes. Current production.","Movement: Rolex Caliber 3235 (automatic, ~70h reserve, Chronergy escapement, COSC + Rolex Superlative spec); Case: 41 mm Oystersteel, 18k white gold fluted bezel; Dial: Sunburst blue (option), white baton hour markers with Chromalight, date at 3 with Cyclops; Bracelet: Oyster or Jubilee in Oystersteel; Water Resistance: 100 m",RLX126334.png
103,GMT-Master II “Fat Lady” ref. 16760,9,35,Price on request,"The first GMT-Master II model, introduced 1983. Nicknamed “Fat Lady” for its thicker case profile (to accommodate the independently adjustable hour hand mechanism) and broader GMT bezel. 40 mm steel case with crown guards. Came with the red/black “Coke” bezel insert and a gloss black dial. This reference debuted the quickset 24-hour hand, allowing the GMT hand to be set separately – a major functional upgrade. Produced until 1988, it paved the way for all modern dual-time Rolexes. A transitional but important reference now appreciated by collectors.","Movement: Rolex Caliber 3085 (automatic GMT, 28,800 vph, 50h reserve); Case: 40 mm stainless steel, thicker case and crown guards, bidirectional 24h bezel with red/black aluminum insert; Dial: Black, tritium lume indices, Mercedes hour hand + red GMT hand, date at 3 with Cyclops; Bracelet: Oyster 78360 steel bracelet; Water Resistance: 100 m",RLX16760.png
104,GMT-Master II “Batman” ref. 116710BLNR,9,35,Price on request,"A hugely popular modern GMT-Master II variant featuring a black and blue Cerachrom ceramic bezel, earning it the “Batman” nickname. Launched in 2013 (BLNR = Bleu/Noir) on a 40 mm stainless steel case with Oyster bracelet, it was the first Rolex to use a two-tone ceramic bezel. It has a glossy black dial with blue GMT hand. Powered by Caliber 3186, it offers the GMT II’s dual time functionality with independent 12h hand. Production initially ran until 2019 (when replaced by a Jubilee-bracelet version). Its unique colorway and novelty status made it highly sought-after.","Movement: Rolex Caliber 3186 (automatic GMT, 50h reserve, Parachrom hairspring, COSC); Case: 40 mm Oystersteel, bidirectional Cerachrom bezel split black/blue, Triplock crown; Dial: Black lacquer, white gold lume indices, date at 3, GMT hand with blue arrow tip; Bracelet: Oyster steel bracelet (solid center links) with Easylink; Water Resistance: 100 m",RLXBatman.png
105,GMT-Master II “Pepsi” 126710BLRO,9,35,Price on request,"The modern revival of the classic red-blue “Pepsi” GMT bezel in a steel GMT-Master II, launched 2018. Reference 126710BLRO pairs the bi-color Cerachrom bezel (red/blue) with a 40 mm stainless steel case and, notably, a Jubilee bracelet – echoing vintage GMTs. It uses the latest Caliber 3285 with 70h power reserve. The watch immediately commanded waiting lists, as it brought back the most iconic GMT color scheme on steel after a decade. A keystone of Rolex’s sports line, blending nostalgia with modern tech. Current production, extremely high demand.","Movement: Rolex Caliber 3285 (automatic GMT, 70h reserve, Chronergy escapement, COSC Superlative); Case: 40 mm Oystersteel, bidirectional red/blue Cerachrom bezel, Triplock crown; Dial: Black, Chromalight lume indices, GMT hand with red arrow, date at 3 (Cyclops lens); Bracelet: Jubilee five-link steel bracelet; Water Resistance: 100 m",RLXBLRO.png
106,Day-Date ref. 6511 “President” (1956),9,36,Price on request,"The inaugural Rolex Day-Date, introduced in 1956. Reference 6511 in 18k gold, 36 mm Oyster case. It was the first wristwatch to display both the date and the day of the week spelled out in full. Usually fitted with the exclusive President bracelet (with semi-circular links). Quickly earned the nickname “President” after being worn by U.S. President Dwight D. Eisenhower and subsequently other world leaders. This model established the Day-Date as Rolex’s flagship dress watch, symbolizing success and status. Early versions had a pie-pan dial and were only made in precious metals.","Movement: Rolex Caliber 1055 (automatic, day and date mechanisms, 18,000 vph); Case: 36 mm 18k yellow gold, fluted bezel, acrylic crystal; Dial: Champagne with pie-pan edge, gilt baton markers, day of week at 12 (in English or other language) and date at 3; Bracelet: 18k yellow gold President bracelet; Water Resistance: 50 m",RLX6511.png
107,Day-Date ref. 1803 (Vintage Pie-Pan),9,36,Price on request,"A classic vintage Day-Date reference produced from 1959–late 1970s. The 1803 in 18k yellow gold (36 mm) featured the hallmark fluted bezel and a pie-pan dial, with day and date displays. It housed the improved Caliber 1556 by the mid-1960s. Worn by numerous presidents and celebrities, the 1803 defined the Day-Date image for decades. Common dial colors included champagne or pie-pan pieced dials; some variants had diamond markers. It represents the enduring mid-century Day-Date aesthetic – elegant, reliable, and prestigious. Vintage pieces remain highly desirable.","Movement: Rolex Caliber 1556 (automatic, 26j, 19,800 vph, day/date, hacking seconds from 1972); Case: 36 mm 18k yellow gold, fluted bezel, acrylic crystal; Dial: Champagne pie-pan, applied gold indices (or diamonds), day window at 12 (bilingual options) and date at 3; Bracelet: 18k gold President bracelet or leather strap; Water Resistance: 50 m (original rating)",RLX1803.png
108,Day-Date 40 (ref. 228238),9,36,Price on request,"The modern Day-Date in 40 mm form, introduced 2015 for the line’s 60th anniversary. Reference 228238 is the 18k yellow gold version with fluted bezel and President bracelet. It features an updated caliber 3255 with 70h power reserve and Superlative Chronometer specs. The Day-Date 40 retains the signature day and date windows but with refined proportions, a slimmer profile, and improved bracelet design (ceramic sleeve links for durability). Often seen with classic sundust or champagne dials. It continues the tradition of the “President” watch for a new era, combining classic appearance with cutting-edge movement performance.","Movement: Rolex Caliber 3255 (automatic, 70h reserve, Chronergy escapement, COSC + internal Superlative certification); Case: 40 mm 18k yellow gold, fluted bezel, sapphire crystal; Dial: Champagne sunray or other variants, deconstructed Romans or stick markers, day at 12, date at 3; Bracelet: Solid 18k yellow gold President bracelet (ceramic inserts in links); Water Resistance: 100 m",RLX228238.png
109,Extra-Plate 5157,10,37,Price on request,"A quintessential Breguet dress watch known for its thin profile and timeless design. The Classique 5157 is an ultra-thin automatic (5.45 mm thick) with a 38 mm case in yellow gold. It features a simple two-hand display with no seconds. The dial is classic Breguet: silvered and hand-guilloché with Roman numerals and blued Breguet hands. With its restrained elegance and coin-edge case band, this model exemplifies Breguet’s heritage of refined simplicity and is often seen as an “heirloom” dress watch. Current production.","Movement: Automatic Breguet Caliber 502.3 (extra-thin, ~45h reserve, offset rotor in 18k gold); Case: 38 mm 18k yellow gold, coin-edge fluted caseband, only ~5.5 mm thick; Dial: Silvered gold, engine-turned guilloché pattern, black Roman numerals, blued Breguet hands; Strap: Brown alligator with pin buckle; Water Resistance: 30 m",BG5157.png
110,Tourbillon Extra-Plat 5367,10,37,Price on request,"A flagship Breguet tourbillon in a very slim package. The Classique 5367 features a tourbillon at 5 o’clock on a pristine enamel dial. 41 mm case in platinum, but only 7.45 mm thick – exceptionally thin for a tourbillon. The dial is grand feu white enamel with Breguet numerals and no power reserve or seconds clutter, highlighting the simplicity. The 60-second tourbillon doubles as the seconds display. Introduced 2018, it showcases Breguet’s invention (the tourbillon, patented 1801) in a pure, elegant form with modern technology (silicon escape).","Movement: Automatic Breguet Caliber 581 (extra-thin tourbillon, 80h reserve, peripheral rotor, silicon escapement); Case: 41 mm platinum, 7.45 mm thick; Dial: Grand feu enamel, printed Breguet numerals, offset tourbillon at 5 o’clock (acting as seconds indicator); Strap: Blue alligator with folding clasp; Water Resistance: 30 m",BG5367.png
111,Classique 7137 Moon & Power Reserve,10,37,Price on request,"A Classique model incorporating complications of a moonphase, power reserve, and date in a design inspired by Breguet’s historic pocket watch No.5. 39 mm case in rose gold. The dial is richly guilloché: different engine-turn patterns segment the display (checkered power reserve indicator at 10:30, radial date at 6, and moonphase at 2). Blued Breguet hands and Roman numerals complete the regal look. This watch epitomizes Breguet’s blend of technical function and artistic dial craft. Current collection.","Movement: Automatic Breguet Caliber 502.3 DR1 (with moonphase and power reserve module, ~45h); Case: 39 mm 18k rose gold, fluted caseband; Dial: Silvered guilloché (hand-engraved on gold) with separate engine-turned textures for each subdial, moonphase and age of moon at 2, power reserve arc at 10:30, date subdial at 6; Strap: Brown alligator; Water Resistance: 30 m",BG7137.png
112,Big Date 5817,10,38,Price on request,"A notable model from Breguet’s Marine collection (contemporary sport-elegant watches). The Marine 5817, introduced in the mid-2000s, is a 39 mm stainless steel automatic with a big date display at 6. It blends Breguet’s classic flair (guilloché dial center, Roman numerals) with sporty elements like luminescent hands and 100 m water resistance. It features a solid, anti-magnetic construction and an oscillating weight shaped like a ship’s wheel. Often paired with a rubber strap, it signaled Breguet’s push into modern casual luxury while retaining brand DNA. No longer in production (replaced by later Marine iterations).","Movement: Automatic Breguet Caliber 517GG (big date, 65h reserve, silicon escapement); Case: 39 mm stainless steel, coined case flanks, screw-down crown; Dial: Silvered with wave guilloché pattern center, black Roman numerals with luminescent dots, big date at 6, blued Breguet hands with lume tips; Strap: Black rubber strap or bracelet; Water Resistance: 100 m",BG5817.png
113,Chronograph 5527,10,38,Price on request,"A current-generation Marine collection chronograph, introduced 2018. 42.3 mm case in titanium (for the most sporty variant) making it light and corrosion-resistant. It’s an automatic flyback chronograph with a cleanly laid out dial: 3 subdials (running seconds, 12h and 30min counters) and date between 4–5. The dial is sunburst (blue or slate gray) with applied Roman numerals and lumed Breguet-style hands. The design balances Breguet’s elegance with a modern nautical feel (wave-motif rotor, 100 m water resistance). A sportier, utilitarian side of Breguet for everyday wear. Current production.","Movement: Automatic Breguet Caliber 582QA (flyback chronograph, 48h reserve); Case: 42.3 mm titanium (or gold variants), ribbed caseband, screw-locked crown and pushers; Dial: Sunburst blue, applied Roman numerals with luminescence, 3 subdials (chronograph hours at 6, minutes at 3, running seconds at 9), date aperture between 4 and 5; Strap: Navy blue rubber strap (titanium deployant buckle); Water Resistance: 100 m",BG5527.png
114,Équation Marchante 5887,10,38,Price on request,"Breguet’s grand complication in the Marine line, launched 2017. This 43.9 mm platinum masterpiece combines a tourbillon, perpetual calendar, and an équation marchante (running equation of time) complication. The dial (in slate gray) presents an off-center time display, retrograde date, day/month/year apertures, and a cam-wheeled solar hand for true solar time, all while the 60-second tourbillon rotates at 5 o’clock. Despite complexity, it maintains 100 m water resistance, bridging haute horlogerie and sporty design. The movement’s bridge is engraved with a depiction of a ship. Limited production due to its complexity.","Movement: Automatic Breguet Caliber 581DPE (tourbillon, perpetual calendar, running equation of time, 80h reserve, peripheral rotor); Case: 43.9 mm platinum (also in rose gold), fluted caseband, display back; Dial: Slate gray, Roman numerals, blued hands; Functions: day and month windows at 10 & 2, retrograde date arc at 9–3, equation of time “sun” hand indicating ±15 min from mean time, tourbillon at 5 o’clock (also seconds); Strap: Black alligator leather; Water Resistance: 100 m",BG5887.png
115,Tradition 7027 (Skeleton Dial),10,39,Price on request,"The original model from Breguet’s Tradition series (launched 2005), which draws inspiration from Breguet’s 18th-century souscription watches. The Tradition 7027 is a 37 mm open-dial watch in rose gold that showcases the movement architecture front and center: main gear train, barrel, and balance are exposed on top of the baseplate. It features an offset black dial at 12 o’clock for time and a power reserve indicator at 10. Manually wound with a 50h reserve. This watch introduced the concept of displaying the “bare” movement on the dial side, influencing many later designs. A seminal piece in modern Breguet history.","Movement: Manual Breguet Caliber 507DR (open dial architecture, 50h reserve); Case: 37 mm 18k rose gold, coin-edge fluting; Dial: Anthracite black off-center dial at 12 with Roman numerals, exposed movement plates in frosted finish, power reserve indicator at 10, visible balance at 4; Strap: Brown alligator leather; Water Resistance: 30 m",BG7027.png
116,Tradition 7047 Tourbillon Fusée,10,39,Price on request,"A highlight of the Tradition line, incorporating a tourbillon with a fusée-and-chain constant force mechanism – a tribute to Breguet’s historical inventions. 41 mm case in platinum. The dial-side features a one-minute tourbillon at 1 o’clock and a cone-shaped fusée mechanism linked by a tiny chain delivering constant torque. There is a small off-center time dial at 7. Introduced 2010 (Tradition 7047), this watch combines a spectacular heritage complication with the raw visual style of the Tradition series. It underlines Breguet’s technical artistry and attention to isochronism.","Movement: Manual Breguet Caliber 569 (tourbillon with fusée-chain transmission, silicon Breguet spring, ~50h reserve); Case: 41 mm platinum, fluted caseband; Dial: Open architecture, black off-center time dial at 7 with Roman numerals, tourbillon at 1 (60s tourbillon acting as seconds), fusée chain wrapping from center to 4 o’clock; Strap: Black alligator; Water Resistance: 30 m",BG7047.png
117,Tradition 7097 Automatic “Seconde Rétrograde”,10,39,Price on request,"A self-winding Tradition model (introduced ~2015) featuring retrograde seconds. 40 mm white gold case. The movement layout is displayed dial-side: a central barrel, a subdial at 12 for hours/minutes, and an exposed balance at 4. Between 7–8 o’clock, a retrograde seconds hand sweeps a 0–60 arc every minute and then snaps back to zero. The watch has a silicon lever and Breguet overcoil for modern performance. The rotor is peripheral (clear view of movement). This piece melds classical inspiration (based on an 1790s “subscription” caliber) with contemporary complications.","Movement: Automatic Breguet Caliber 505SR1 (peripheral rotor, retrograde seconds, 50h reserve); Case: 40 mm 18k white gold; Dial: Open dial with silvered guilloché time subdial at 12, exposed movement with center barrel and visible balance at 4, retrograde seconds hand over a 180° sector between 6 and 9; Strap: Black alligator; Water Resistance: 30 m",BG7097.png
118,ref. 8928 Mini,10,40,Price on request,A modern Reine de Naples model echoing the historic first wristwatch made by Breguet for Napoleon’s sister Caroline Murat in 1810. The ref. 8928 is a petite ladies’ watch with the collection’s signature oval egg-shaped case (approximately 33 × 25 mm) in 18k rose gold. It features a natural white mother-of-pearl dial with an off-center chapter ring at 6 o’clock and small seconds. The bezel is set with diamonds. Fitted with an automatic movement despite its small size. This elegant jeweled watch exemplifies Breguet’s marriage of watchmaking and haute joaillerie for women.,"Movement: Automatic Breguet Caliber 586/1 (small self-winding movement, ~38h reserve); Case: ~33 × 25 mm 18k rose gold oval, bezel and lug set with diamonds; Dial: White mother-of-pearl, black Breguet numerals on off-center dial at 6, blued Breguet hands; Strap: Satin or alligator strap with gold deployant clasp; Water Resistance: 30 m",BG8928.png
119,Reine de Naples 8908 Moonphase,10,40,Price on request,"A complicated Reine de Naples model featuring a moonphase and power reserve. The 8908, often in white gold (~ 36.5 × 28.5 mm oval case), displays Breguet’s lavish ladies’ design with a full mother-of-pearl dial and brilliant-cut diamond bezel. The time is indicated on an off-center subdial at 12 with classic Breguet numerals. Below, a moonphase aperture and a small seconds hand share a subdial at 6, and a power reserve indicator arcs between 9 and 11. With an automatic movement tailored for women, it’s a blend of femininity and mechanical sophistication. Part of the regular collection since early 2000s.","Movement: Automatic Breguet Caliber 537DRL1 (moonphase, power reserve, ~45h); Case: ~36.5 × 28.45 mm 18k white gold, bezel set with ~128 diamonds (~0.77ct); Dial: Natural mother-of-pearl, off-center silvered subdial at top (Roman numerals, blued hands), moonphase display and seconds at bottom, 45h power reserve arc on left; Strap: White alligator leather; Water Resistance: 30 m",BG8908.png
120,“Day/Night” 8998,10,40,Price on request,"A whimsical high-complication Reine de Naples known as the Day/Night Indicator. The 40 mm × 32 mm white gold oval case has a bezel set with diamonds. Its dial is a canvas of fine art: the top half features a rotating disk with the sun and moon (in titanium and gold, respectively) against a lapis sky, indicating day/night as it turns once in 24 hours. The lower half has a mother-of-pearl chapter ring for hours and minutes. The balance wheel is exposed at 7 o’clock as a “seconds” display. Introduced 2016, it showcases Breguet’s creative display techniques for women. Limited production.","Movement: Automatic Breguet Caliber RJN (24h day/night rotating disk, moonphase, peripheral rotor); Case: ~40 × 32 mm 18k white gold, bezel and dial flange set with diamonds (~143 stones); Dial: Upper dial – aventurine glass sky with hand-engraved titanium moon and gold sun on rotating disc (indicator of day vs night), lower dial – mother-of-pearl hours/minutes subdial at 6 with Breguet numerals, exposed escapement at 7; Strap: Blue alligator; Water Resistance: 30 m",BG8998.png
121,(1953 Original),11,40,Price on request,"The watch that defined the modern dive watch, predating the Submariner. The original Blancpain Fifty Fathoms was developed in 1953 for the French Navy’s combat divers. 41 mm steel case (large for the time) with a pioneering unidirectional rotating timing bezel and double-sealed crown; water resistant to 50 fathoms (~91 m) – a record then. Black dial with bold luminous markers for legibility underwater. Automatic movement with anti-magnetic protection. Famously worn by early divers like Cousteau’s team. This legendary model established key dive watch standards and remains a coveted vintage piece","Movement: Automatic Blancpain Caliber AS 1361 (with moisture indicator in early versions, 18k rotor, no-date); Case: ~41 mm stainless steel, acrylic crystal, screw-down caseback, bi-directional coin-edge bezel with Bakelite insert (minutes scale); Dial: Black, radium-painted geometric markers and hands (triangle at 12), no date; Strap: Tropic rubber or nylon strap; Water Resistance: ~91 m (first rated 50 fathoms)",BPFF1953.png
122,Automatique 5015,11,41,Price on request,"The modern Fifty Fathoms re-introduced in 2007, channeling the classic’s spirit with contemporary specs. 45 mm stainless steel case, black sapphire-covered unidirectional bezel, and 300 m water resistance. Black dial with large luminous Arabic numerals at 12-3-6-9. Houses Blancpain’s in-house Caliber 1315, a robust 5-day automatic movement. Comes on a sailcloth canvas strap. This watch revived Blancpain’s dive watch lineage and set the template for current Fifty Fathoms models, blending vintage aesthetics with modern size and technology. It remains the flagship diver in Blancpain’s lineup.","Movement: Automatic Blancpain Caliber 1315 (3 barrels, 120h reserve, no date or with date variants); Case: 45 mm stainless steel, sapphire-capped unidirectional bezel, screw-down crown; Dial: Black, Super-LumiNova Arabic numerals and indices, date at 4:30 (on some versions); Strap: Black sailcloth canvas with tang buckle; Water Resistance: 300 m",BP5015.png
